interval,DAM_val
1,27.51
2,26.48
3,26.36
4,26.25
5,25.59
6,25.98
7,28.01
8,30.58
9,30.72
10,32.94
11,33.65
12,34.07
13,33.25
14,33.03
15,32.97
16,33.19
17,36.13
18,44.21
19,43.64
20,41.55
21,38.55
22,37.31
23,34.73
24,33.47
25,27.42
26,27.05
27,25.21
28,26.54
29,26.63
30,26.38
31,28.69
32,33.33
33,35.34
34,34.79
35,34.72
36,35.65
37,35.25
38,35.7
39,34.13
40,32.12
41,33.78
42,38.83
43,37.15
44,34.86
45,32.72
46,29.81
47,28.06
48,24.75
49,27.31
50,25.63
51,24.15
52,22.9
53,22.48
54,24.18
55,27.45
56,29.44
57,31.86
58,32.66
59,32.69
60,33.65
61,32.28
62,31.58
63,31.11
64,31.22
65,32.64
66,40.0
67,39.4
68,36.43
69,31.69
70,31.19
71,28.59
72,27.8
73,24.97
74,22.81
75,22.54
76,22.75
77,22.95
78,24.77
79,30.93
80,34.05
81,35.75
82,35.66
83,34.77
84,34.22
85,32.81
86,31.33
87,30.61
88,30.6
89,34.32
90,41.55
91,42.32
92,38.09
93,35.76
94,33.51
95,30.71
96,29.64
97,24.8
98,24.86
99,24.46
100,23.83
101,23.88
102,27.86
103,33.14
104,38.92
105,38.46
106,35.26
107,35.09
108,35.42
109,34.83
110,35.1
111,34.72
112,34.78
113,40.31
114,52.0
115,51.71
116,48.53
117,46.21
118,43.76
119,40.69
120,38.08
121,38.39
122,36.53
123,35.59
124,35.7
125,36.99
126,43.85
127,47.29
128,58.27
129,58.61
130,55.37
131,50.44
132,49.23
133,47.1
134,44.46
135,42.3
136,40.4
137,44.57
138,50.57
139,51.31
140,43.88
141,44.22
142,42.29
143,39.44
144,40.39
145,40.91
146,37.85
147,36.15
148,35.75
149,35.02
150,35.8
151,38.36
152,41.0
153,42.83
154,43.87
155,43.36
156,43.43
157,40.03
158,39.17
159,36.07
160,35.45
161,38.71
162,49.67
163,47.07
164,42.39
165,38.79
166,37.28
167,36.58
168,33.33
169,30.68
170,30.59
171,30.2
172,30.21
173,28.87
174,29.3
175,29.4
176,31.35
177,33.39
178,34.23
179,35.66
180,33.34
181,32.02
182,30.77
183,30.05
184,30.12
185,33.01
186,41.45
187,41.57
188,38.19
189,34.16
190,31.71
191,29.89
192,26.42
193,26.79
194,26.21
195,24.48
196,25.35
197,25.75
198,29.92
199,36.19
200,42.98
201,38.11
202,37.17
203,33.32
204,33.39
205,31.79
206,29.96
207,30.3
208,29.06
209,31.57
210,39.06
211,39.59
212,37.94
213,35.11
214,32.59
215,29.45
216,26.9
217,27.45
218,28.85
219,27.23
220,27.77
221,29.58
222,32.96
223,37.03
224,57.18
225,50.97
226,46.96
227,44.18
228,41.97
229,40.42
230,38.86
231,36.78
232,35.73
233,37.53
234,43.19
235,42.53
236,41.13
237,37.96
238,34.38
239,31.72
240,31.44
241,30.42
242,30.0
243,28.16
244,27.29
245,28.01
246,31.14
247,36.47
248,47.57
249,46.1
250,41.86
251,39.67
252,37.86
253,36.53
254,35.39
255,34.13
256,32.93
257,34.24
258,40.26
259,39.82
260,37.54
261,35.65
262,32.7
263,30.7
264,30.36
265,31.06
266,28.98
267,27.6
268,27.51
269,27.13
270,27.65
271,32.06
272,39.09
273,36.28
274,37.19
275,35.69
276,34.46
277,31.06
278,30.32
279,30.0
280,30.17
281,33.48
282,39.52
283,38.75
284,35.48
285,33.43
286,30.27
287,26.24
288,26.46
289,27.64
290,26.89
291,25.56
292,25.95
293,25.58
294,27.85
295,35.38
296,45.39
297,47.7
298,45.71
299,45.26
300,42.81
301,38.46
302,36.79
303,34.64
304,32.61
305,35.97
306,45.05
307,46.5
308,40.93
309,39.0
310,35.66
311,33.68
312,32.0
313,38.23
314,37.37
315,34.64
316,37.39
317,38.53
318,39.97
319,43.8
320,51.3
321,52.58
322,48.84
323,43.01
324,40.22
325,38.68
326,36.15
327,35.98
328,35.98
329,40.91
330,55.26
331,51.75
332,46.27
333,40.35
334,36.21
335,30.79
336,28.07
337,35.58
338,33.81
339,30.91
340,30.27
341,29.43
342,31.58
343,36.37
344,39.11
345,39.58
346,38.65
347,33.56
348,30.39
349,29.2
350,28.99
351,28.62
352,27.33
353,29.93
354,38.43
355,40.02
356,34.46
357,32.22
358,30.36
359,27.94
360,27.22
361,29.79
362,28.38
363,28.65
364,28.84
365,29.16
366,28.58
367,33.08
368,37.57
369,36.78
370,36.9
371,34.99
372,34.48
373,33.13
374,32.45
375,30.69
376,30.26
377,33.46
378,38.12
379,37.94
380,35.95
381,31.23
382,28.59
383,27.07
384,25.27
385,27.06
386,25.29
387,25.1
388,25.53
389,25.84
390,29.13
391,34.4
392,36.67
393,37.45
394,37.1
395,35.38
396,33.76
397,32.91
398,31.31
399,30.39
400,30.83
401,33.59
402,40.87
403,44.27
404,42.64
405,41.71
406,41.11
407,38.16
408,37.81
409,33.16
410,31.69
411,32.16
412,32.01
413,32.31
414,35.72
415,39.0
416,51.33
417,47.38
418,45.91
419,43.49
420,40.99
421,37.57
422,36.38
423,37.64
424,35.13
425,37.26
426,42.18
427,43.09
428,38.87
429,35.62
430,33.94
431,28.52
432,28.06
433,27.91
434,27.8
435,27.91
436,27.97
437,27.53
438,30.09
439,31.24
440,38.84
441,39.04
442,38.16
443,36.48
444,34.48
445,32.65
446,33.44
447,31.92
448,32.45
449,35.18
450,37.95
451,40.11
452,39.22
453,35.51
454,32.64
455,29.54
456,27.29
457,25.88
458,24.6
459,24.09
460,23.26
461,24.45
462,26.59
463,33.56
464,38.0
465,39.91
466,40.41
467,39.74
468,40.72
469,36.91
470,35.33
471,34.05
472,33.07
473,35.43
474,45.81
475,48.62
476,42.24
477,42.25
478,37.59
479,35.88
480,39.75
481,35.88
482,34.67
483,32.26
484,31.28
485,31.0
486,31.92
487,34.03
488,35.67
489,40.53
490,39.07
491,38.63
492,35.77
493,33.96
494,32.06
495,30.2
496,31.3
497,34.7
498,46.76
499,48.02
500,41.07
501,39.29
502,37.05
503,37.7
504,33.71
505,36.82
506,35.69
507,33.55
508,32.32
509,32.07
510,32.95
511,35.0
512,36.88
513,40.15
514,41.16
515,40.53
516,40.51
517,39.98
518,38.42
519,35.96
520,34.89
521,37.67
522,48.27
523,51.26
524,42.19
525,39.58
526,35.48
527,34.02
528,30.55
529,30.58
530,28.92
531,27.82
532,26.78
533,27.93
534,29.11
535,33.95
536,51.05
537,45.42
538,43.43
539,39.83
540,36.97
541,33.98
542,32.9
543,30.36
544,29.47
545,31.33
546,41.97
547,44.0
548,35.31
549,34.2
550,32.95
551,31.0
552,28.86
553,28.56
554,26.63
555,26.62
556,26.55
557,27.73
558,31.16
559,35.91
560,52.54
561,47.76
562,44.41
563,40.34
564,40.09
565,37.76
566,36.04
567,34.55
568,33.32
569,37.0
570,45.51
571,50.87
572,43.44
573,40.6
574,37.43
575,34.66
576,32.27
577,31.96
578,29.94
579,29.26
580,27.91
581,28.74
582,31.41
583,33.79
584,44.41
585,41.55
586,38.3
587,37.0
588,36.58
589,34.93
590,33.42
591,34.63
592,32.63
593,35.24
594,38.37
595,39.3
596,37.24
597,35.44
598,32.82
599,29.48
600,27.65
601,24.36
602,24.07
603,23.3
604,23.06
605,23.98
606,24.22
607,28.78
608,37.48
609,37.75
610,36.69
611,34.8
612,34.77
613,33.96
614,33.72
615,32.18
616,32.05
617,35.62
618,39.46
619,39.29
620,36.22
621,33.34
622,33.65
623,31.22
624,29.42
625,31.73
626,30.49
627,30.09
628,29.18
629,29.61
630,30.69
631,39.43
632,45.63
633,40.42
634,35.0
635,32.02
636,29.66
637,27.88
638,26.18
639,25.71
640,24.84
641,25.74
642,29.65
643,35.26
644,32.8
645,33.24
646,31.76
647,30.73
648,29.96
649,28.6
650,27.01
651,26.42
652,24.3
653,24.96
654,25.65
655,27.9
656,31.37
657,32.27
658,31.46
659,31.92
660,29.1
661,26.57
662,26.07
663,24.27
664,24.34
665,26.24
666,29.83
667,32.21
668,28.91
669,27.45
670,26.55
671,24.94
672,24.28
673,23.36
674,21.75
675,22.48
676,21.72
677,21.49
678,21.71
679,23.03
680,23.79
681,27.19
682,27.46
683,28.48
684,28.76
685,31.58
686,29.55
687,28.07
688,27.7
689,33.37
690,40.17
691,43.65
692,36.16
693,34.79
694,32.29
695,29.94
696,27.97
697,25.61
698,24.45
699,24.59
700,24.23
701,25.44
702,29.8
703,38.06
704,50.49
705,49.86
706,47.21
707,46.38
708,43.68
709,40.88
710,37.45
711,35.89
712,34.98
713,38.05
714,47.79
715,57.42
716,49.45
717,44.17
718,39.12
719,33.57
720,32.11
721,32.54
722,31.03
723,31.46
724,32.21
725,33.43
726,35.02
727,41.96
728,55.56
729,48.72
730,45.11
731,41.87
732,40.92
733,37.86
734,35.85
735,35.36
736,34.9
737,36.43
738,44.74
739,47.07
740,42.57
741,36.7
742,33.99
743,31.11
744,30.83
745,29.53
746,29.0
747,29.81
748,30.32
749,30.9
750,32.94
751,40.56
752,50.23
753,43.49
754,39.84
755,39.15
756,37.2
757,34.27
758,30.69
759,29.34
760,29.6
761,30.65
762,35.01
763,39.29
764,34.88
765,33.23
766,30.57
767,27.46
768,26.69
769,26.52
770,26.72
771,25.74
772,25.47
773,26.12
774,27.18
775,33.78
776,38.58
777,33.9
778,30.92
779,29.73
780,28.79
781,27.46
782,26.26
783,25.44
784,24.79
785,25.7
786,28.52
787,32.51
788,31.89
789,31.15
790,28.86
791,26.12
792,25.9
793,29.17
794,30.09
795,32.5
796,31.89
797,33.16
798,37.54
799,48.86
800,66.4
801,59.01
802,50.99
803,44.31
804,39.31
805,35.62
806,34.92
807,33.63
808,36.6
809,43.19
810,56.29
811,66.25
812,63.96
813,59.0
814,59.92
815,49.97
816,42.09
817,34.81
818,34.8
819,32.67
820,31.34
821,30.04
822,30.26
823,33.91
824,36.18
825,33.63
826,30.94
827,28.94
828,26.59
829,25.97
830,25.0
831,23.36
832,22.86
833,24.12
834,26.72
835,29.17
836,26.22
837,25.67
838,23.75
839,22.17
840,21.55
841,22.52
842,21.56
843,20.97
844,20.12
845,19.99
846,19.92
847,21.03
848,22.77
849,23.4
850,23.07
851,24.1
852,23.84
853,22.7
854,24.11
855,24.14
856,23.99
857,25.99
858,33.61
859,37.71
860,35.8
861,33.01
862,26.75
863,24.66
864,24.32
865,25.77
866,26.46
867,28.46
868,29.85
869,30.82
870,36.03
871,39.81
872,47.52
873,39.19
874,35.67
875,33.28
876,31.11
877,30.37
878,28.09
879,26.39
880,24.3
881,25.12
882,28.63
883,28.59
884,26.85
885,25.34
886,23.08
887,23.25
888,21.59
889,21.46
890,19.61
891,18.64
892,18.24
893,18.74
894,21.52
895,24.24
896,25.47
897,23.68
898,23.77
899,23.19
900,23.22
901,22.7
902,22.35
903,22.6
904,22.25
905,24.41
906,27.84
907,33.44
908,28.93
909,27.43
910,26.75
911,25.73
912,25.77
913,23.81
914,21.4
915,21.58
916,21.63
917,22.58
918,25.06
919,30.26
920,35.7
921,32.41
922,29.85
923,30.19
924,27.74
925,27.53
926,27.62
927,26.33
928,24.62
929,26.05
930,29.23
931,32.56
932,29.81
933,27.64
934,24.06
935,22.22
936,21.03
937,20.15
938,20.6
939,19.19
940,18.56
941,18.3
942,19.55
943,23.76
944,27.73
945,25.63
946,25.09
947,24.77
948,24.58
949,24.01
950,23.74
951,23.46
952,23.08
953,23.56
954,27.43
955,28.71
956,27.55
957,26.75
958,25.12
959,22.72
960,22.75
961,20.35
962,18.84
963,18.34
964,18.63
965,18.43
966,20.45
967,25.2
968,29.53
969,30.1
970,27.94
971,28.09
972,27.83
973,26.9
974,24.83
975,23.57
976,23.63
977,25.09
978,28.49
979,30.38
980,27.58
981,27.21
982,25.02
983,25.94
984,26.53
985,26.05
986,26.66
987,26.67
988,27.68
989,28.5
990,28.35
991,30.17
992,32.49
993,31.9
994,30.99
995,29.22
996,26.86
997,24.88
998,23.58
999,21.6
1000,21.32
1001,22.77
1002,26.82
1003,30.42
1004,29.48
1005,30.48
1006,27.86
1007,24.54
1008,23.48
1009,23.6
1010,22.76
1011,23.23
1012,23.34
1013,23.5
1014,25.24
1015,25.74
1016,28.54
1017,30.52
1018,30.11
1019,29.91
1020,26.62
1021,24.8
1022,23.29
1023,22.48
1024,22.12
1025,24.14
1026,27.23
1027,29.58
1028,27.49
1029,24.17
1030,22.65
1031,20.07
1032,17.38
1033,21.32
1034,20.63
1035,20.37
1036,20.07
1037,22.01
1038,24.51
1039,33.24
1040,46.94
1041,34.27
1042,29.12
1043,27.65
1044,26.57
1045,25.35
1046,23.53
1047,21.77
1048,23.39
1049,25.12
1050,30.07
1051,33.76
1052,34.34
1053,33.62
1054,31.81
1055,27.84
1056,26.5
1057,22.08
1058,20.24
1059,18.74
1060,16.97
1061,17.19
1062,21.02
1063,26.87
1064,29.44
1065,25.87
1066,25.07
1067,23.42
1068,22.12
1069,20.85
1070,20.62
1071,19.98
1072,20.64
1073,21.09
1074,23.56
1075,24.87
1076,24.81
1077,22.75
1078,20.82
1079,18.46
1080,17.59
1081,15.82
1082,14.78
1083,14.19
1084,14.35
1085,14.39
1086,17.13
1087,21.29
1088,23.66
1089,22.62
1090,21.43
1091,21.06
1092,19.99
1093,19.01
1094,19.56
1095,18.89
1096,20.15
1097,21.67
1098,24.03
1099,27.05
1100,27.86
1101,26.2
1102,23.61
1103,23.09
1104,22.98
1105,21.17
1106,19.33
1107,18.41
1108,16.81
1109,17.28
1110,20.02
1111,24.26
1112,26.91
1113,26.84
1114,27.18
1115,27.22
1116,27.28
1117,25.68
1118,24.5
1119,23.88
1120,23.6
1121,23.98
1122,26.68
1123,32.38
1124,30.11
1125,27.7
1126,26.85
1127,25.29
1128,24.39
1129,22.34
1130,22.11
1131,21.29
1132,21.48
1133,22.19
1134,25.94
1135,29.78
1136,42.97
1137,36.15
1138,33.8
1139,34.68
1140,30.31
1141,27.94
1142,25.71
1143,25.37
1144,24.45
1145,26.62
1146,31.59
1147,37.41
1148,36.09
1149,34.49
1150,31.65
1151,27.86
1152,23.34
1153,22.05
1154,20.78
1155,19.75
1156,19.0
1157,19.85
1158,21.8
1159,26.32
1160,31.34
1161,32.83
1162,32.11
1163,30.02
1164,28.0
1165,25.21
1166,23.05
1167,22.12
1168,20.29
1169,20.84
1170,23.73
1171,25.5
1172,24.37
1173,23.5
1174,22.01
1175,20.49
1176,19.33
1177,18.18
1178,16.32
1179,15.93
1180,15.56
1181,15.8
1182,16.44
1183,18.3
1184,20.0
1185,20.76
1186,21.36
1187,20.58
1188,19.95
1189,19.98
1190,19.75
1191,19.5
1192,19.24
1193,20.87
1194,24.22
1195,26.01
1196,25.87
1197,24.67
1198,24.68
1199,23.75
1200,25.18
1201,22.89
1202,20.86
1203,20.8
1204,19.86
1205,21.0
1206,25.09
1207,29.9
1208,33.39
1209,29.78
1210,30.08
1211,30.21
1212,30.75
1213,30.28
1214,27.72
1215,27.14
1216,26.55
1217,27.67
1218,29.61
1219,30.78
1220,28.3
1221,23.5
1222,20.01
1223,17.49
1224,15.26
1225,11.42
1226,10.45
1227,10.89
1228,11.73
1229,14.47
1230,18.35
1231,26.8
1232,32.78
1233,30.54
1234,28.22
1235,28.92
1236,29.51
1237,27.88
1238,25.93
1239,25.95
1240,26.19
1241,27.69
1242,30.58
1243,34.63
1244,31.12
1245,27.89
1246,25.86
1247,22.2
1248,21.8
1249,19.73
1250,18.44
1251,17.61
1252,17.49
1253,18.21
1254,20.08
1255,25.6
1256,29.21
1257,28.06
1258,26.92
1259,28.23
1260,26.38
1261,26.03
1262,25.41
1263,24.88
1264,24.21
1265,24.89
1266,27.77
1267,29.24
1268,28.52
1269,26.75
1270,25.68
1271,22.73
1272,21.67
1273,18.88
1274,17.17
1275,15.39
1276,14.51
1277,14.62
1278,16.05
1279,21.3
1280,22.82
1281,22.67
1282,22.83
1283,22.77
1284,21.75
1285,21.8
1286,21.85
1287,21.79
1288,20.95
1289,22.51
1290,23.52
1291,26.93
1292,26.96
1293,25.11
1294,23.55
1295,21.92
1296,22.45
1297,24.22
1298,22.58
1299,22.39
1300,22.66
1301,25.15
1302,29.58
1303,40.06
1304,46.24
1305,44.76
1306,40.11
1307,41.22
1308,41.64
1309,39.51
1310,35.02
1311,34.77
1312,33.32
1313,37.2
1314,41.36
1315,44.89
1316,45.04
1317,42.86
1318,41.07
1319,33.71
1320,32.02
1321,32.99
1322,28.91
1323,27.82
1324,30.05
1325,30.49
1326,30.41
1327,36.13
1328,36.1
1329,36.8
1330,37.78
1331,35.03
1332,31.06
1333,28.47
1334,25.98
1335,24.53
1336,24.65
1337,26.76
1338,28.42
1339,33.98
1340,32.78
1341,28.01
1342,24.77
1343,21.99
1344,20.38
1345,23.28
1346,22.84
1347,23.08
1348,23.15
1349,23.77
1350,24.95
1351,26.16
1352,26.57
1353,26.39
1354,25.42
1355,26.47
1356,25.49
1357,23.99
1358,23.95
1359,22.55
1360,21.97
1361,23.59
1362,26.04
1363,28.76
1364,28.7
1365,24.81
1366,21.38
1367,20.14
1368,17.5
1369,15.89
1370,15.07
1371,14.73
1372,14.32
1373,15.47
1374,17.7
1375,22.75
1376,23.95
1377,24.69
1378,22.69
1379,22.91
1380,21.75
1381,21.36
1382,21.52
1383,21.24
1384,20.69
1385,22.32
1386,23.59
1387,25.57
1388,25.03
1389,23.85
1390,21.95
1391,19.38
1392,17.56
1393,16.22
1394,15.59
1395,16.43
1396,17.0
1397,17.89
1398,23.01
1399,33.89
1400,42.53
1401,41.48
1402,38.19
1403,33.5
1404,30.04
1405,28.62
1406,28.32
1407,26.02
1408,24.72
1409,24.87
1410,25.84
1411,29.41
1412,27.74
1413,24.06
1414,22.14
1415,18.98
1416,17.69
1417,20.99
1418,19.7
1419,19.6
1420,19.07
1421,20.79
1422,23.47
1423,29.62
1424,29.6
1425,29.96
1426,30.27
1427,29.77
1428,31.77
1429,28.91
1430,30.33
1431,29.26
1432,27.6
1433,28.41
1434,30.51
1435,32.84
1436,31.46
1437,28.53
1438,25.36
1439,22.8
1440,22.14
1441,16.26
1442,16.48
1443,17.21
1444,17.52
1445,19.87
1446,22.49
1447,31.51
1448,37.34
1449,36.3
1450,37.65
1451,33.62
1452,32.84
1453,31.87
1454,31.73
1455,29.88
1456,27.95
1457,28.99
1458,29.57
1459,31.05
1460,30.45
1461,26.83
1462,22.5
1463,18.81
1464,18.68
1465,18.46
1466,18.15
1467,17.48
1468,17.5
1469,18.02
1470,22.56
1471,24.46
1472,26.03
1473,24.45
1474,24.46
1475,23.97
1476,23.97
1477,24.43
1478,23.09
1479,23.0
1480,21.74
1481,22.39
1482,26.14
1483,27.95
1484,28.51
1485,26.02
1486,24.67
1487,22.28
1488,19.79
1489,23.29
1490,22.84
1491,21.62
1492,21.94
1493,23.3
1494,24.43
1495,27.56
1496,31.49
1497,32.01
1498,31.26
1499,31.51
1500,29.35
1501,27.58
1502,24.93
1503,23.6
1504,23.18
1505,23.81
1506,27.91
1507,32.0
1508,32.77
1509,30.52
1510,28.9
1511,27.16
1512,25.92
1513,27.5
1514,26.46
1515,25.42
1516,23.89
1517,23.8
1518,24.03
1519,25.22
1520,27.04
1521,26.69
1522,26.03
1523,25.22
1524,24.19
1525,23.22
1526,21.48
1527,19.61
1528,18.7
1529,18.76
1530,21.16
1531,24.24
1532,24.59
1533,23.44
1534,21.9
1535,19.63
1536,17.66
1537,18.2
1538,17.86
1539,18.64
1540,18.83
1541,19.84
1542,22.43
1543,27.56
1544,34.1
1545,30.15
1546,29.52
1547,27.48
1548,25.08
1549,24.73
1550,24.78
1551,23.25
1552,23.19
1553,23.7
1554,25.3
1555,25.82
1556,26.49
1557,25.28
1558,22.92
1559,19.91
1560,19.43
1561,18.95
1562,18.05
1563,19.1
1564,18.87
1565,19.34
1566,24.51
1567,31.18
1568,34.34
1569,31.99
1570,30.2
1571,28.33
1572,28.41
1573,27.89
1574,27.4
1575,26.5
1576,26.03
1577,25.99
1578,27.59
1579,32.67
1580,31.7
1581,29.81
1582,25.36
1583,22.66
1584,20.82
1585,19.03
1586,17.2
1587,16.75
1588,16.53
1589,16.98
1590,19.12
1591,23.98
1592,30.86
1593,31.81
1594,33.19
1595,34.5
1596,31.85
1597,31.5
1598,31.7
1599,30.19
1600,29.8
1601,30.13
1602,31.35
1603,34.09
1604,34.53
1605,29.48
1606,25.58
1607,23.53
1608,20.67
1609,22.07
1610,19.41
1611,18.91
1612,18.05
1613,17.9
1614,19.99
1615,20.38
1616,25.17
1617,24.53
1618,25.79
1619,26.23
1620,24.5
1621,25.11
1622,26.33
1623,25.59
1624,25.28
1625,25.3
1626,28.0
1627,31.08
1628,32.1
1629,31.81
1630,29.47
1631,27.11
1632,25.13
1633,25.83
1634,23.3
1635,22.77
1636,22.51
1637,22.17
1638,24.54
1639,29.47
1640,32.48
1641,31.89
1642,32.85
1643,32.09
1644,29.99
1645,29.36
1646,28.64
1647,28.37
1648,27.16
1649,28.11
1650,31.07
1651,32.19
1652,33.11
1653,30.17
1654,27.98
1655,25.58
1656,23.95
1657,25.71
1658,24.74
1659,24.19
1660,24.23
1661,24.53
1662,25.6
1663,27.47
1664,30.34
1665,30.24
1666,30.24
1667,28.35
1668,26.89
1669,25.81
1670,24.89
1671,24.5
1672,24.32
1673,26.38
1674,30.57
1675,37.29
1676,38.55
1677,34.77
1678,31.53
1679,28.09
1680,26.83
1681,25.81
1682,24.63
1683,23.87
1684,22.69
1685,22.52
1686,22.72
1687,23.63
1688,25.46
1689,25.27
1690,26.87
1691,26.74
1692,26.37
1693,25.42
1694,24.21
1695,22.28
1696,21.26
1697,21.77
1698,24.05
1699,26.66
1700,28.44
1701,26.36
1702,22.85
1703,20.86
1704,19.78
1705,16.69
1706,16.66
1707,16.71
1708,17.02
1709,18.66
1710,25.04
1711,27.46
1712,29.18
1713,28.95
1714,27.92
1715,27.45
1716,26.27
1717,26.28
1718,25.54
1719,24.7
1720,25.54
1721,26.86
1722,33.16
1723,36.18
1724,45.89
1725,35.55
1726,30.67
1727,28.84
1728,29.37
1729,27.18
1730,25.94
1731,25.01
1732,25.25
1733,26.62
1734,31.34
1735,40.16
1736,42.35
1737,35.48
1738,33.12
1739,30.48
1740,28.12
1741,26.88
1742,25.74
1743,25.08
1744,25.22
1745,28.83
1746,32.39
1747,36.91
1748,37.87
1749,35.23
1750,30.83
1751,29.46
1752,28.05
1753,25.87
1754,24.51
1755,23.88
1756,24.3
1757,25.29
1758,30.82
1759,36.73
1760,37.11
1761,30.39
1762,28.35
1763,26.09
1764,24.45
1765,23.14
1766,21.48
1767,20.58
1768,20.17
1769,18.8
1770,20.0
1771,20.64
1772,21.59
1773,19.94
1774,17.57
1775,16.16
1776,15.92
1777,17.73
1778,17.79
1779,18.18
1780,18.44
1781,20.24
1782,24.29
1783,30.11
1784,29.54
1785,27.22
1786,26.9
1787,26.26
1788,25.29
1789,24.56
1790,24.8
1791,24.26
1792,25.26
1793,26.3
1794,27.03
1795,27.4
1796,27.55
1797,26.71
1798,24.96
1799,22.53
1800,21.78
1801,17.43
1802,16.67
1803,16.26
1804,16.56
1805,18.63
1806,23.29
1807,27.04
1808,27.78
1809,26.69
1810,26.23
1811,24.7
1812,24.22
1813,24.01
1814,23.52
1815,22.87
1816,23.3
1817,23.43
1818,24.32
1819,26.28
1820,29.06
1821,27.18
1822,24.67
1823,23.91
1824,22.93
1825,22.26
1826,21.41
1827,20.85
1828,20.5
1829,21.63
1830,23.54
1831,26.24
1832,27.61
1833,27.9
1834,26.94
1835,26.1
1836,25.16
1837,23.48
1838,22.88
1839,22.15
1840,22.24
1841,23.99
1842,26.09
1843,27.74
1844,32.37
1845,29.93
1846,26.28
1847,24.95
1848,24.85
1849,23.27
1850,22.87
1851,23.57
1852,24.38
1853,24.41
1854,27.78
1855,30.1
1856,31.71
1857,32.42
1858,30.51
1859,27.47
1860,25.84
1861,24.04
1862,24.14
1863,24.35
1864,23.82
1865,25.61
1866,28.51
1867,32.1
1868,37.24
1869,32.09
1870,26.69
1871,24.06
1872,23.74
1873,19.66
1874,20.17
1875,19.35
1876,18.49
1877,20.99
1878,28.18
1879,37.19
1880,36.37
1881,28.92
1882,27.66
1883,26.18
1884,24.62
1885,23.82
1886,23.13
1887,21.85
1888,21.19
1889,22.26
1890,26.13
1891,29.16
1892,32.0
1893,29.04
1894,23.67
1895,22.27
1896,21.74
1897,15.91
1898,15.46
1899,16.0
1900,16.35
1901,18.46
1902,26.56
1903,38.88
1904,34.88
1905,28.48
1906,28.22
1907,27.66
1908,26.41
1909,24.33
1910,21.54
1911,20.29
1912,18.8
1913,20.32
1914,21.49
1915,23.36
1916,24.21
1917,22.46
1918,18.86
1919,16.98
1920,16.19
1921,13.6
1922,12.15
1923,13.76
1924,13.87
1925,16.28
1926,23.17
1927,26.03
1928,23.67
1929,23.81
1930,24.49
1931,24.83
1932,24.51
1933,23.58
1934,22.28
1935,21.44
1936,21.83
1937,21.62
1938,22.61
1939,24.22
1940,24.4
1941,20.77
1942,17.41
1943,16.28
1944,16.03
1945,18.23
1946,17.28
1947,16.6
1948,16.45
1949,18.98
1950,22.17
1951,24.05
1952,22.67
1953,23.35
1954,25.08
1955,25.15
1956,25.8
1957,25.9
1958,25.4
1959,24.92
1960,23.7
1961,24.38
1962,25.97
1963,27.39
1964,28.03
1965,25.66
1966,22.22
1967,21.26
1968,22.23
1969,20.78
1970,19.84
1971,19.61
1972,20.15
1973,21.93
1974,24.24
1975,27.62
1976,28.16
1977,28.05
1978,28.39
1979,28.71
1980,26.86
1981,26.72
1982,25.86
1983,23.18
1984,21.82
1985,21.32
1986,20.73
1987,21.67
1988,21.99
1989,20.92
1990,19.0
1991,18.5
1992,18.37
1993,18.58
1994,17.45
1995,17.0
1996,16.59
1997,16.48
1998,17.33
1999,18.8
2000,19.98
2001,20.82
2002,21.62
2003,22.18
2004,21.12
2005,20.14
2006,20.37
2007,19.97
2008,19.57
2009,20.99
2010,23.11
2011,25.01
2012,25.73
2013,24.34
2014,22.31
2015,19.99
2016,18.95
2017,19.71
2018,19.43
2019,19.05
2020,19.38
2021,20.43
2022,21.46
2023,23.35
2024,23.7
2025,23.46
2026,23.2
2027,23.15
2028,23.42
2029,22.73
2030,21.73
2031,21.12
2032,21.02
2033,22.43
2034,26.62
2035,29.98
2036,32.96
2037,28.96
2038,24.18
2039,22.78
2040,22.2
2041,20.16
2042,19.76
2043,19.68
2044,20.32
2045,21.64
2046,28.52
2047,35.13
2048,35.14
2049,33.01
2050,34.51
2051,33.34
2052,34.02
2053,33.52
2054,33.06
2055,30.95
2056,29.38
2057,30.0
2058,31.57
2059,34.22
2060,35.72
2061,30.64
2062,26.09
2063,23.52
2064,23.07
2065,23.05
2066,22.97
2067,22.78
2068,23.95
2069,28.59
2070,35.05
2071,44.37
2072,42.06
2073,37.34
2074,37.55
2075,32.98
2076,29.38
2077,28.31
2078,26.63
2079,25.2
2080,24.13
2081,26.03
2082,29.11
2083,31.21
2084,35.02
2085,31.66
2086,27.29
2087,22.4
2088,21.46
2089,17.94
2090,18.07
2091,17.16
2092,17.28
2093,19.85
2094,22.77
2095,26.74
2096,24.43
2097,22.98
2098,22.43
2099,22.58
2100,22.01
2101,22.02
2102,22.67
2103,23.19
2104,23.53
2105,24.86
2106,27.32
2107,30.25
2108,35.37
2109,31.0
2110,25.51
2111,23.68
2112,23.8
2113,19.54
2114,19.19
2115,18.3
2116,18.62
2117,20.42
2118,25.22
2119,32.67
2120,29.58
2121,25.85
2122,25.51
2123,24.05
2124,22.5
2125,21.19
2126,18.19
2127,16.13
2128,13.81
2129,11.49
2130,12.51
2131,14.36
2132,17.65
2133,14.73
2134,11.06
2135,8.41
2136,7.66
2137,6.91
2138,4.65
2139,3.71
2140,3.34
2141,6.4
2142,10.65
2143,14.92
2144,17.95
2145,19.09
2146,18.41
2147,17.22
2148,17.2
2149,16.4
2150,15.59
2151,14.38
2152,14.2
2153,15.57
2154,15.09
2155,15.2
2156,16.53
2157,15.69
2158,12.09
2159,10.5
2160,10.54
2161,5.64
2162,3.25
2163,2.39
2164,2.02
2165,2.19
2166,3.41
2167,8.21
2168,10.35
2169,12.66
2170,14.82
2171,15.63
2172,16.64
2173,17.91
2174,18.01
2175,18.1
2176,19.2
2177,22.03
2178,24.72
2179,27.3
2180,31.17
2181,28.7
2182,23.73
2183,20.79
2184,20.26
2185,20.07
2186,18.65
2187,18.94
2188,18.28
2189,18.0
2190,14.46
2191,14.36
2192,12.9
2193,13.93
2194,13.35
2195,10.94
2196,8.14
2197,7.65
2198,6.46
2199,4.96
2200,7.15
2201,6.72
2202,8.88
2203,11.61
2204,16.39
2205,15.53
2206,15.35
2207,14.39
2208,13.63
2209,14.57
2210,14.61
2211,16.63
2212,17.63
2213,20.98
2214,24.74
2215,33.22
2216,33.03
2217,32.49
2218,33.97
2219,33.27
2220,31.12
2221,30.01
2222,28.09
2223,26.49
2224,25.89
2225,25.28
2226,25.95
2227,26.29
2228,27.68
2229,23.6
2230,20.5
2231,16.55
2232,14.48
2233,9.91
2234,8.82
2235,8.48
2236,7.88
2237,6.96
2238,9.88
2239,18.4
2240,19.47
2241,18.15
2242,18.55
2243,18.43
2244,18.48
2245,18.37
2246,18.47
2247,18.37
2248,18.66
2249,18.95
2250,19.97
2251,18.16
2252,18.07
2253,15.94
2254,14.17
2255,9.28
2256,8.37
2257,7.79
2258,6.91
2259,6.76
2260,5.81
2261,6.08
2262,8.18
2263,13.6
2264,16.21
2265,16.61
2266,16.69
2267,16.99
2268,17.33
2269,16.27
2270,16.97
2271,16.69
2272,16.07
2273,15.58
2274,15.39
2275,15.49
2276,18.44
2277,17.93
2278,14.5
2279,13.16
2280,11.12
2281,9.09
2282,8.37
2283,10.8
2284,11.74
2285,13.98
2286,19.3
2287,25.75
2288,28.65
2289,27.63
2290,29.58
2291,29.06
2292,27.06
2293,25.79
2294,25.44
2295,25.45
2296,25.75
2297,27.34
2298,29.67
2299,34.03
2300,39.66
2301,33.13
2302,26.71
2303,24.23
2304,22.17
2305,20.54
2306,19.42
2307,19.23
2308,19.77
2309,22.32
2310,25.39
2311,30.83
2312,33.39
2313,32.86
2314,32.27
2315,28.67
2316,26.15
2317,23.9
2318,22.49
2319,21.27
2320,21.29
2321,21.14
2322,21.11
2323,22.6
2324,24.35
2325,22.01
2326,17.29
2327,14.92
2328,12.82
2329,11.04
2330,10.02
2331,9.76
2332,10.13
2333,12.03
2334,14.16
2335,18.88
2336,20.74
2337,21.97
2338,22.37
2339,21.91
2340,21.07
2341,19.25
2342,18.03
2343,17.9
2344,18.01
2345,18.56
2346,19.45
2347,20.95
2348,22.35
2349,17.06
2350,13.4
2351,10.84
2352,10.76
2353,7.15
2354,6.0
2355,6.02
2356,7.0
2357,8.07
2358,8.86
2359,11.36
2360,15.26
2361,16.85
2362,17.86
2363,17.04
2364,16.54
2365,14.65
2366,14.67
2367,15.03
2368,15.86
2369,18.28
2370,20.51
2371,23.82
2372,25.13
2373,21.87
2374,17.19
2375,14.58
2376,12.42
2377,7.71
2378,7.83
2379,9.16
2380,10.28
2381,14.29
2382,20.42
2383,27.47
2384,30.73
2385,29.59
2386,30.15
2387,28.21
2388,27.47
2389,27.25
2390,27.37
2391,26.55
2392,26.16
2393,27.19
2394,27.66
2395,29.78
2396,31.03
2397,27.65
2398,23.08
2399,20.21
2400,17.44
2401,11.55
2402,9.28
2403,8.89
2404,8.88
2405,9.94
2406,14.76
2407,22.61
2408,23.39
2409,21.49
2410,23.14
2411,23.42
2412,21.66
2413,18.49
2414,18.13
2415,18.05
2416,18.13
2417,19.36
2418,20.18
2419,21.14
2420,21.45
2421,18.86
2422,13.89
2423,10.91
2424,7.49
2425,3.77
2426,2.38
2427,1.93
2428,2.11
2429,3.91
2430,6.87
2431,14.77
2432,15.23
2433,15.44
2434,14.87
2435,15.99
2436,15.2
2437,16.45
2438,17.46
2439,17.52
2440,18.84
2441,20.39
2442,22.68
2443,25.4
2444,25.96
2445,20.23
2446,15.35
2447,12.42
2448,10.22
2449,6.3
2450,3.84
2451,3.23
2452,3.45
2453,5.63
2454,11.87
2455,17.83
2456,18.64
2457,19.48
2458,19.87
2459,21.19
2460,20.64
2461,20.59
2462,22.99
2463,22.78
2464,23.69
2465,25.85
2466,30.08
2467,33.29
2468,31.63
2469,22.4
2470,15.77
2471,12.35
2472,9.56
2473,8.91
2474,7.84
2475,9.24
2476,10.0
2477,13.57
2478,20.06
2479,24.27
2480,24.02
2481,26.19
2482,29.72
2483,30.89
2484,32.06
2485,32.69
2486,31.76
2487,29.93
2488,31.52
2489,34.64
2490,34.96
2491,38.32
2492,36.36
2493,25.92
2494,20.18
2495,17.72
2496,15.68
2497,13.1
2498,11.66
2499,11.96
2500,12.3
2501,13.08
2502,14.3
2503,17.55
2504,19.2
2505,20.34
2506,22.18
2507,23.5
2508,25.05
2509,24.42
2510,22.57
2511,23.47
2512,28.31
2513,29.81
2514,31.03
2515,28.49
2516,25.17
2517,20.26
2518,14.62
2519,12.29
2520,10.37
2521,10.25
2522,8.9
2523,7.64
2524,5.78
2525,6.04
2526,7.25
2527,8.21
2528,8.79
2529,10.39
2530,10.96
2531,10.54
2532,10.15
2533,9.3
2534,9.76
2535,9.66
2536,10.65
2537,12.71
2538,14.33
2539,16.71
2540,18.67
2541,16.48
2542,12.76
2543,9.99
2544,7.0
2545,8.4
2546,7.4
2547,7.12
2548,7.92
2549,10.68
2550,16.45
2551,24.52
2552,24.79
2553,23.38
2554,23.39
2555,20.46
2556,20.24
2557,16.74
2558,17.23
2559,17.77
2560,19.42
2561,22.05
2562,25.04
2563,32.4
2564,42.1
2565,37.74
2566,30.4
2567,25.04
2568,24.34
2569,21.78
2570,20.74
2571,20.59
2572,19.9
2573,23.82
2574,31.33
2575,36.74
2576,32.93
2577,31.23
2578,30.26
2579,28.77
2580,25.87
2581,24.02
2582,24.42
2583,22.67
2584,23.96
2585,25.3
2586,27.69
2587,33.72
2588,36.61
2589,29.96
2590,22.48
2591,19.57
2592,17.09
2593,11.28
2594,9.73
2595,9.63
2596,8.87
2597,10.49
2598,15.28
2599,21.35
2600,20.72
2601,21.95
2602,22.65
2603,21.93
2604,22.61
2605,22.82
2606,24.63
2607,23.82
2608,24.17
2609,25.75
2610,28.57
2611,32.94
2612,34.61
2613,28.07
2614,20.73
2615,18.79
2616,17.63
2617,11.11
2618,10.46
2619,10.48
2620,10.42
2621,12.02
2622,15.66
2623,18.6
2624,21.19
2625,21.06
2626,21.3
2627,21.52
2628,21.16
2629,19.94
2630,19.77
2631,20.25
2632,22.51
2633,24.4
2634,28.77
2635,31.63
2636,37.67
2637,33.37
2638,27.2
2639,22.59
2640,20.19
2641,16.94
2642,15.05
2643,13.93
2644,14.0
2645,17.56
2646,26.48
2647,32.01
2648,31.38
2649,31.65
2650,32.74
2651,31.73
2652,30.17
2653,28.71
2654,26.67
2655,24.81
2656,24.04
2657,24.95
2658,25.87
2659,28.06
2660,32.97
2661,30.22
2662,22.7
2663,19.43
2664,16.25
2665,18.47
2666,17.06
2667,15.57
2668,16.11
2669,17.02
2670,18.85
2671,21.93
2672,23.65
2673,23.53
2674,22.87
2675,21.81
2676,20.25
2677,17.5
2678,16.89
2679,17.21
2680,16.39
2681,18.75
2682,21.51
2683,24.23
2684,34.14
2685,37.47
2686,29.45
2687,28.87
2688,29.21
2689,22.71
2690,23.24
2691,23.33
2692,24.23
2693,27.25
2694,28.59
2695,29.35
2696,29.31
2697,31.55
2698,29.97
2699,27.06
2700,24.52
2701,23.46
2702,22.1
2703,21.48
2704,21.72
2705,25.17
2706,28.63
2707,35.78
2708,46.03
2709,48.47
2710,36.58
2711,34.71
2712,32.68
2713,27.9
2714,28.03
2715,28.01
2716,28.09
2717,33.08
2718,48.41
2719,58.26
2720,48.34
2721,47.3
2722,40.28
2723,36.74
2724,34.01
2725,34.54
2726,31.18
2727,30.02
2728,30.52
2729,31.28
2730,34.74
2731,39.0
2732,44.46
2733,36.76
2734,26.32
2735,23.5
2736,21.92
2737,23.37
2738,22.89
2739,22.92
2740,23.49
2741,29.9
2742,37.11
2743,48.41
2744,40.53
2745,37.85
2746,36.18
2747,34.81
2748,32.57
2749,30.92
2750,30.92
2751,30.4
2752,30.44
2753,31.86
2754,34.88
2755,39.66
2756,48.18
2757,37.98
2758,26.13
2759,22.82
2760,19.44
2761,21.66
2762,21.23
2763,21.3
2764,23.63
2765,28.16
2766,35.28
2767,48.15
2768,39.59
2769,43.2
2770,42.25
2771,40.33
2772,37.14
2773,35.82
2774,36.12
2775,34.49
2776,35.2
2777,30.17
2778,34.02
2779,37.06
2780,42.13
2781,35.64
2782,25.47
2783,21.52
2784,17.98
2785,17.64
2786,15.36
2787,15.26
2788,15.66
2789,17.58
2790,24.93
2791,28.85
2792,29.99
2793,33.8
2794,33.01
2795,30.27
2796,28.91
2797,27.87
2798,28.72
2799,27.54
2800,28.52
2801,30.81
2802,31.96
2803,34.48
2804,35.37
2805,30.57
2806,23.64
2807,23.05
2808,22.15
2809,20.91
2810,19.43
2811,20.26
2812,22.0
2813,24.0
2814,29.59
2815,31.42
2816,32.57
2817,32.31
2818,31.36
2819,30.96
2820,29.27
2821,29.1
2822,26.86
2823,25.38
2824,26.24
2825,27.44
2826,27.23
2827,28.29
2828,29.97
2829,28.56
2830,23.75
2831,21.66
2832,21.27
2833,22.64
2834,21.55
2835,21.05
2836,21.59
2837,22.55
2838,23.01
2839,24.69
2840,25.47
2841,28.6
2842,27.47
2843,24.8
2844,24.06
2845,21.83
2846,20.06
2847,18.8
2848,19.6
2849,20.82
2850,21.48
2851,22.68
2852,27.28
2853,27.42
2854,23.01
2855,21.58
2856,18.64
2857,18.36
2858,16.71
2859,15.06
2860,15.46
2861,15.55
2862,17.05
2863,18.07
2864,17.99
2865,18.96
2866,17.96
2867,17.74
2868,17.03
2869,16.08
2870,15.84
2871,17.08
2872,18.34
2873,20.06
2874,22.21
2875,24.95
2876,26.53
2877,26.41
2878,21.53
2879,17.52
2880,17.44
2881,14.19
2882,12.42
2883,12.18
2884,12.86
2885,16.55
2886,23.92
2887,29.31
2888,26.43
2889,23.85
2890,21.87
2891,22.15
2892,21.48
2893,20.84
2894,19.89
2895,19.63
2896,19.64
2897,21.37
2898,20.76
2899,23.11
2900,25.39
2901,28.96
2902,23.53
2903,21.98
2904,21.13
2905,18.24
2906,15.98
2907,15.86
2908,16.53
2909,19.25
2910,25.52
2911,27.57
2912,23.15
2913,21.16
2914,20.27
2915,19.08
2916,18.46
2917,17.54
2918,17.26
2919,17.21
2920,17.37
2921,19.01
2922,21.1
2923,24.98
2924,31.4
2925,37.86
2926,30.3
2927,26.75
2928,24.29
2929,22.32
2930,21.41
2931,21.47
2932,22.13
2933,25.32
2934,34.73
2935,37.64
2936,37.27
2937,36.11
2938,33.6
2939,33.52
2940,32.25
2941,31.99
2942,31.97
2943,31.21
2944,32.25
2945,35.03
2946,34.98
2947,39.07
2948,48.22
2949,48.09
2950,32.99
2951,27.37
2952,25.75
2953,25.82
2954,23.8
2955,24.63
2956,25.65
2957,27.94
2958,36.11
2959,38.18
2960,36.62
2961,39.62
2962,37.07
2963,34.65
2964,33.47
2965,33.77
2966,33.45
2967,32.78
2968,33.87
2969,35.1
2970,35.42
2971,36.53
2972,36.52
2973,33.19
2974,25.17
2975,21.26
2976,19.88
2977,20.06
2978,18.37
2979,17.7
2980,17.12
2981,20.74
2982,24.86
2983,29.73
2984,29.63
2985,32.57
2986,32.3
2987,29.59
2988,28.84
2989,27.57
2990,29.06
2991,28.12
2992,29.64
2993,30.69
2994,30.13
2995,31.21
2996,31.23
2997,30.09
2998,24.11
2999,21.55
3000,20.71
3001,17.75
3002,16.4
3003,15.78
3004,15.76
3005,17.03
3006,18.13
3007,18.2
3008,18.39
3009,19.33
3010,21.69
3011,18.78
3012,18.38
3013,19.09
3014,18.88
3015,20.33
3016,21.11
3017,23.12
3018,23.98
3019,24.9
3020,25.09
3021,23.57
3022,19.15
3023,17.23
3024,15.88
3025,16.93
3026,15.39
3027,15.55
3028,15.77
3029,16.87
3030,18.01
3031,20.02
3032,20.81
3033,23.57
3034,25.8
3035,27.23
3036,30.81
3037,31.57
3038,32.52
3039,35.29
3040,36.93
3041,39.51
3042,42.51
3043,39.25
3044,36.84
3045,32.4
3046,27.06
3047,24.15
3048,23.09
3049,22.68
3050,22.22
3051,21.83
3052,22.96
3053,26.07
3054,35.08
3055,36.67
3056,36.02
3057,39.37
3058,43.14
3059,44.26
3060,46.49
3061,46.46
3062,46.34
3063,44.45
3064,47.37
3065,48.11
3066,48.9
3067,49.55
3068,47.28
3069,42.13
3070,38.36
3071,28.77
3072,26.02
3073,26.94
3074,24.25
3075,24.0
3076,24.17
3077,27.72
3078,31.36
3079,35.6
3080,39.48
3081,39.92
3082,39.51
3083,36.66
3084,35.16
3085,36.27
3086,36.45
3087,37.25
3088,39.67
3089,41.01
3090,40.77
3091,38.4
3092,37.85
3093,33.07
3094,28.97
3095,25.11
3096,23.11
3097,22.7
3098,21.27
3099,20.07
3100,21.11
3101,24.58
3102,27.25
3103,30.15
3104,30.64
3105,30.68
3106,33.92
3107,31.98
3108,33.93
3109,35.37
3110,36.37
3111,37.58
3112,38.35
3113,41.38
3114,40.69
3115,39.76
3116,37.24
3117,33.52
3118,29.25
3119,25.24
3120,23.46
3121,20.8
3122,19.58
3123,19.41
3124,19.61
3125,23.06
3126,24.93
3127,27.37
3128,29.24
3129,31.03
3130,32.59
3131,32.78
3132,33.29
3133,34.36
3134,36.36
3135,36.76
3136,38.2
3137,42.22
3138,40.05
3139,38.82
3140,37.48
3141,33.69
3142,27.87
3143,24.51
3144,22.97
3145,20.77
3146,19.28
3147,19.03
3148,19.28
3149,23.19
3150,26.42
3151,28.26
3152,32.8
3153,32.01
3154,32.97
3155,34.22
3156,34.58
3157,38.9
3158,38.61
3159,40.56
3160,43.47
3161,45.54
3162,42.15
3163,38.65
3164,37.15
3165,35.09
3166,29.77
3167,27.06
3168,24.91
3169,24.02
3170,22.37
3171,21.33
3172,20.8
3173,22.13
3174,22.91
3175,24.53
3176,26.02
3177,27.55
3178,28.93
3179,28.64
3180,28.83
3181,30.46
3182,31.78
3183,33.41
3184,37.26
3185,41.21
3186,40.44
3187,35.87
3188,30.17
3189,29.39
3190,25.51
3191,24.18
3192,20.17
3193,19.85
3194,17.08
3195,15.77
3196,15.46
3197,16.1
3198,16.48
3199,18.6
3200,21.37
3201,23.77
3202,23.98
3203,25.97
3204,26.24
3205,27.18
3206,28.19
3207,29.48
3208,32.12
3209,32.3
3210,31.88
3211,29.98
3212,29.24
3213,28.77
3214,25.76
3215,23.52
3216,22.55
3217,18.39
3218,16.42
3219,16.29
3220,17.92
3221,23.42
3222,26.09
3223,29.53
3224,31.64
3225,31.27
3226,31.17
3227,31.81
3228,33.21
3229,34.99
3230,37.32
3231,37.53
3232,41.74
3233,43.56
3234,45.59
3235,44.04
3236,43.19
3237,39.39
3238,31.99
3239,25.43
3240,24.29
3241,21.61
3242,19.03
3243,17.18
3244,16.5
3245,22.07
3246,25.84
3247,27.56
3248,28.14
3249,32.87
3250,32.24
3251,31.5
3252,30.64
3253,32.54
3254,34.16
3255,33.86
3256,37.05
3257,38.62
3258,40.55
3259,39.31
3260,40.85
3261,37.01
3262,30.55
3263,24.83
3264,22.68
3265,18.09
3266,17.02
3267,16.2
3268,15.85
3269,20.77
3270,24.98
3271,26.98
3272,30.65
3273,32.32
3274,31.8
3275,33.08
3276,32.02
3277,32.91
3278,32.89
3279,34.03
3280,36.0
3281,38.24
3282,37.5
3283,34.93
3284,32.39
3285,31.16
3286,25.75
3287,20.42
3288,19.26
3289,16.87
3290,15.72
3291,15.22
3292,15.66
3293,20.31
3294,24.78
3295,26.17
3296,27.71
3297,27.15
3298,27.32
3299,27.32
3300,27.74
3301,29.87
3302,30.9
3303,34.45
3304,37.93
3305,43.12
3306,43.87
3307,38.56
3308,33.96
3309,30.63
3310,25.22
3311,21.61
3312,19.25
3313,16.23
3314,14.19
3315,13.13
3316,12.91
3317,16.1
3318,21.25
3319,24.91
3320,25.97
3321,27.83
3322,28.26
3323,29.29
3324,29.56
3325,33.66
3326,31.26
3327,32.0
3328,31.8
3329,34.33
3330,33.62
3331,30.75
3332,31.15
3333,31.8
3334,27.17
3335,23.68
3336,22.5
3337,19.36
3338,17.64
3339,16.33
3340,15.59
3341,16.84
3342,18.23
3343,20.37
3344,22.71
3345,26.12
3346,25.52
3347,25.83
3348,26.35
3349,27.07
3350,28.29
3351,29.37
3352,31.11
3353,34.45
3354,36.02
3355,35.55
3356,34.68
3357,32.22
3358,28.01
3359,24.43
3360,21.87
3361,19.06
3362,17.19
3363,16.26
3364,16.02
3365,16.68
3366,17.07
3367,17.83
3368,20.42
3369,24.85
3370,25.28
3371,25.51
3372,25.99
3373,26.67
3374,27.81
3375,29.57
3376,32.1
3377,37.66
3378,39.26
3379,39.98
3380,36.48
3381,33.05
3382,27.43
3383,24.01
3384,21.92
3385,17.65
3386,16.16
3387,16.05
3388,15.83
3389,18.7
3390,23.34
3391,27.09
3392,28.34
3393,31.47
3394,30.29
3395,30.2
3396,31.26
3397,32.0
3398,33.56
3399,34.87
3400,41.92
3401,46.41
3402,49.85
3403,46.6
3404,36.0
3405,32.7
3406,28.8
3407,24.56
3408,20.61
3409,16.88
3410,14.92
3411,14.28
3412,14.54
3413,17.63
3414,22.63
3415,26.05
3416,26.67
3417,30.57
3418,30.75
3419,31.34
3420,33.27
3421,37.29
3422,42.36
3423,44.6
3424,51.4
3425,58.68
3426,65.27
3427,55.52
3428,45.78
3429,35.63
3430,28.49
3431,25.31
3432,22.58
3433,20.43
3434,18.52
3435,16.8
3436,15.91
3437,18.69
3438,22.25
3439,24.9
3440,26.81
3441,28.24
3442,27.54
3443,28.21
3444,28.84
3445,30.45
3446,33.08
3447,35.28
3448,38.34
3449,38.77
3450,37.57
3451,33.75
3452,29.19
3453,25.56
3454,21.23
3455,17.3
3456,15.52
3457,15.3
3458,12.49
3459,12.18
3460,12.49
3461,15.34
3462,19.55
3463,23.0
3464,22.68
3465,22.55
3466,22.82
3467,23.3
3468,23.9
3469,24.76
3470,25.38
3471,26.19
3472,27.6
3473,29.08
3474,30.16
3475,28.78
3476,27.38
3477,24.55
3478,21.58
3479,19.2
3480,17.32
3481,13.39
3482,11.58
3483,11.88
3484,11.7
3485,14.16
3486,17.94
3487,21.64
3488,22.94
3489,23.88
3490,23.59
3491,23.43
3492,24.11
3493,23.73
3494,25.28
3495,25.78
3496,27.3
3497,28.38
3498,28.55
3499,26.78
3500,23.65
3501,21.41
3502,18.55
3503,17.22
3504,16.16
3505,11.41
3506,9.18
3507,8.02
3508,8.18
3509,10.01
3510,11.49
3511,12.6
3512,15.56
3513,18.33
3514,18.12
3515,18.57
3516,19.2
3517,20.48
3518,21.56
3519,22.35
3520,24.5
3521,25.18
3522,26.6
3523,24.46
3524,23.25
3525,21.13
3526,16.77
3527,15.17
3528,13.78
3529,12.32
3530,10.24
3531,9.88
3532,9.84
3533,11.47
3534,11.73
3535,12.3
3536,14.57
3537,19.92
3538,21.09
3539,22.18
3540,22.23
3541,22.97
3542,24.56
3543,25.63
3544,28.1
3545,32.1
3546,32.69
3547,31.15
3548,27.89
3549,25.42
3550,21.7
3551,17.5
3552,15.46
3553,13.66
3554,11.6
3555,10.78
3556,10.68
3557,11.77
3558,11.94
3559,12.82
3560,15.33
3561,19.18
3562,20.0
3563,22.67
3564,24.36
3565,25.11
3566,27.29
3567,30.4
3568,36.82
3569,40.57
3570,38.69
3571,38.92
3572,35.77
3573,29.89
3574,24.69
3575,19.82
3576,18.46
3577,13.79
3578,12.16
3579,11.7
3580,11.75
3581,14.23
3582,17.95
3583,22.91
3584,24.48
3585,27.7
3586,29.74
3587,33.04
3588,35.08
3589,37.26
3590,42.76
3591,46.34
3592,52.75
3593,60.91
3594,62.8
3595,53.15
3596,45.17
3597,39.03
3598,31.78
3599,24.75
3600,22.92
3601,16.48
3602,14.47
3603,13.8
3604,14.12
3605,17.03
3606,19.62
3607,23.44
3608,28.8
3609,32.02
3610,35.29
3611,41.24
3612,44.49
3613,48.85
3614,55.86
3615,59.71
3616,65.64
3617,73.59
3618,69.96
3619,57.73
3620,46.54
3621,40.57
3622,32.35
3623,26.42
3624,21.44
3625,17.99
3626,15.62
3627,14.53
3628,13.67
3629,15.71
3630,20.66
3631,22.08
3632,25.57
3633,29.89
3634,34.92
3635,39.55
3636,42.12
3637,48.14
3638,53.69
3639,59.84
3640,70.99
3641,74.7
3642,71.99
3643,59.1
3644,50.39
3645,43.15
3646,33.71
3647,27.28
3648,22.08
3649,20.46
3650,17.81
3651,15.47
3652,15.85
3653,18.73
3654,21.47
3655,23.1
3656,27.76
3657,34.13
3658,37.12
3659,40.26
3660,45.08
3661,49.59
3662,57.03
3663,63.94
3664,76.6
3665,84.29
3666,74.36
3667,61.68
3668,48.84
3669,41.24
3670,30.18
3671,26.07
3672,22.42
3673,19.42
3674,16.38
3675,14.51
3676,14.27
3677,14.95
3678,15.72
3679,16.56
3680,21.68
3681,25.92
3682,29.77
3683,30.92
3684,32.44
3685,35.15
3686,38.48
3687,40.94
3688,45.32
3689,49.06
3690,49.06
3691,41.54
3692,36.64
3693,30.16
3694,24.81
3695,21.5
3696,20.08
3697,15.26
3698,13.71
3699,12.42
3700,11.89
3701,12.2
3702,12.35
3703,13.2
3704,16.15
3705,20.68
3706,23.78
3707,24.56
3708,25.3
3709,27.46
3710,29.25
3711,32.14
3712,35.38
3713,39.86
3714,42.78
3715,38.44
3716,33.69
3717,30.98
3718,25.98
3719,23.1
3720,20.63
3721,17.21
3722,15.72
3723,14.79
3724,14.52
3725,16.12
3726,18.86
3727,21.64
3728,24.79
3729,27.41
3730,29.45
3731,30.74
3732,32.63
3733,37.69
3734,38.79
3735,44.09
3736,49.35
3737,52.76
3738,52.08
3739,51.14
3740,38.22
3741,35.32
3742,28.8
3743,23.89
3744,21.68
3745,16.49
3746,14.98
3747,13.91
3748,13.67
3749,15.87
3750,19.51
3751,21.26
3752,22.83
3753,24.83
3754,27.57
3755,28.12
3756,29.35
3757,32.21
3758,33.22
3759,34.83
3760,38.5
3761,40.42
3762,36.39
3763,34.25
3764,31.07
3765,30.07
3766,25.59
3767,21.29
3768,21.24
3769,18.29
3770,16.25
3771,15.46
3772,15.15
3773,16.69
3774,20.76
3775,22.84
3776,24.37
3777,26.12
3778,28.42
3779,28.09
3780,28.59
3781,30.99
3782,32.39
3783,33.65
3784,34.09
3785,35.18
3786,33.54
3787,32.74
3788,30.16
3789,27.17
3790,23.54
3791,19.25
3792,16.93
3793,16.98
3794,14.98
3795,13.99
3796,14.26
3797,16.19
3798,20.12
3799,21.73
3800,22.89
3801,23.4
3802,24.69
3803,25.22
3804,27.55
3805,31.09
3806,34.39
3807,34.45
3808,34.82
3809,35.34
3810,35.39
3811,32.76
3812,32.59
3813,29.75
3814,24.44
3815,21.86
3816,20.88
3817,18.41
3818,16.97
3819,16.05
3820,15.81
3821,17.43
3822,20.06
3823,21.22
3824,22.0
3825,23.22
3826,23.45
3827,24.76
3828,26.04
3829,29.49
3830,31.6
3831,33.84
3832,33.72
3833,35.61
3834,34.25
3835,33.72
3836,30.78
3837,29.83
3838,25.08
3839,22.81
3840,20.68
3841,17.46
3842,15.67
3843,14.73
3844,14.31
3845,14.71
3846,14.82
3847,16.21
3848,18.49
3849,21.31
3850,22.52
3851,24.03
3852,26.1
3853,28.42
3854,30.68
3855,33.87
3856,33.98
3857,35.05
3858,35.22
3859,32.68
3860,31.56
3861,29.13
3862,25.88
3863,23.38
3864,21.49
3865,16.07
3866,14.16
3867,13.24
3868,12.34
3869,11.08
3870,10.75
3871,10.44
3872,11.87
3873,15.12
3874,16.11
3875,16.45
3876,16.95
3877,17.42
3878,17.79
3879,19.75
3880,20.49
3881,21.51
3882,23.37
3883,23.71
3884,24.41
3885,24.3
3886,22.03
3887,19.95
3888,17.7
3889,15.86
3890,15.12
3891,14.36
3892,14.65
3893,16.31
3894,18.76
3895,21.35
3896,21.81
3897,23.84
3898,23.54
3899,24.06
3900,24.47
3901,25.63
3902,26.88
3903,27.91
3904,29.12
3905,29.33
3906,29.95
3907,29.1
3908,28.54
3909,26.37
3910,23.47
3911,20.0
3912,17.1
3913,15.03
3914,12.78
3915,11.66
3916,11.39
3917,13.22
3918,15.34
3919,16.19
3920,18.75
3921,20.87
3922,20.95
3923,21.32
3924,22.08
3925,23.01
3926,23.48
3927,24.1
3928,25.03
3929,25.98
3930,27.48
3931,27.43
3932,27.57
3933,26.32
3934,24.26
3935,21.65
3936,20.64
3937,16.74
3938,15.6
3939,14.99
3940,15.25
3941,16.35
3942,18.83
3943,20.27
3944,21.22
3945,22.73
3946,23.3
3947,24.35
3948,26.26
3949,27.46
3950,30.43
3951,31.83
3952,33.82
3953,36.21
3954,35.51
3955,33.41
3956,30.88
3957,30.69
3958,25.92
3959,23.24
3960,22.22
3961,19.95
3962,17.23
3963,16.35
3964,16.24
3965,17.72
3966,20.38
3967,22.48
3968,23.95
3969,26.21
3970,28.79
3971,30.5
3972,33.85
3973,36.21
3974,39.42
3975,43.26
3976,46.43
3977,49.64
3978,46.37
3979,40.81
3980,36.48
3981,30.97
3982,24.87
3983,21.7
3984,19.04
3985,16.18
3986,14.55
3987,14.11
3988,14.25
3989,15.47
3990,17.61
3991,20.24
3992,21.39
3993,22.69
3994,25.1
3995,25.96
3996,26.89
3997,28.28
3998,31.32
3999,34.01
4000,37.28
4001,38.49
4002,36.8
4003,33.2
4004,30.41
4005,27.74
4006,24.16
4007,22.02
4008,20.66
4009,17.79
4010,16.16
4011,14.63
4012,14.58
4013,15.29
4014,15.77
4015,16.06
4016,17.51
4017,20.07
4018,21.6
4019,22.45
4020,23.74
4021,25.77
4022,26.89
4023,28.54
4024,32.41
4025,35.7
4026,37.2
4027,32.72
4028,29.0
4029,26.21
4030,23.67
4031,21.51
4032,19.93
4033,19.3
4034,17.09
4035,15.91
4036,15.33
4037,15.26
4038,15.51
4039,15.88
4040,17.86
4041,20.33
4042,21.67
4043,22.74
4044,23.55
4045,24.87
4046,25.7
4047,27.41
4048,30.16
4049,32.58
4050,36.67
4051,33.12
4052,30.5
4053,27.56
4054,24.36
4055,21.23
4056,18.8
4057,17.98
4058,16.18
4059,15.2
4060,15.17
4061,16.47
4062,19.19
4063,20.8
4064,20.45
4065,20.49
4066,23.88
4067,25.15
4068,26.16
4069,30.08
4070,33.27
4071,37.19
4072,42.12
4073,43.95
4074,44.27
4075,38.88
4076,33.96
4077,27.38
4078,22.63
4079,18.66
4080,15.95
4081,16.04
4082,13.43
4083,12.49
4084,11.48
4085,13.7
4086,16.01
4087,18.92
4088,20.83
4089,23.89
4090,26.29
4091,24.82
4092,27.24
4093,28.85
4094,32.96
4095,35.99
4096,42.05
4097,44.24
4098,42.53
4099,36.33
4100,31.87
4101,27.04
4102,22.82
4103,18.98
4104,16.83
4105,16.6
4106,15.0
4107,13.52
4108,12.99
4109,15.02
4110,18.43
4111,20.33
4112,23.56
4113,26.26
4114,29.64
4115,30.62
4116,33.06
4117,36.15
4118,38.46
4119,41.03
4120,45.53
4121,49.53
4122,49.8
4123,44.26
4124,38.98
4125,33.76
4126,27.26
4127,24.17
4128,21.31
4129,19.05
4130,18.32
4131,16.77
4132,17.0
4133,17.81
4134,20.35
4135,21.96
4136,24.86
4137,27.58
4138,30.14
4139,31.93
4140,35.95
4141,38.47
4142,41.75
4143,44.06
4144,48.9
4145,51.5
4146,47.69
4147,44.26
4148,40.65
4149,34.58
4150,30.44
4151,25.89
4152,23.95
4153,21.79
4154,20.07
4155,19.15
4156,18.44
4157,20.21
4158,22.2
4159,23.83
4160,25.97
4161,29.58
4162,31.48
4163,33.81
4164,34.37
4165,37.27
4166,37.84
4167,40.24
4168,44.48
4169,45.02
4170,40.94
4171,38.71
4172,35.28
4173,34.46
4174,27.86
4175,24.39
4176,21.56
4177,21.5
4178,19.16
4179,16.88
4180,16.27
4181,17.03
4182,17.35
4183,19.93
4184,22.26
4185,25.46
4186,29.65
4187,32.41
4188,33.51
4189,36.7
4190,38.6
4191,41.31
4192,46.26
4193,50.33
4194,49.55
4195,41.63
4196,38.14
4197,35.56
4198,29.4
4199,24.85
4200,21.93
4201,21.91
4202,19.35
4203,16.56
4204,15.52
4205,15.14
4206,14.97
4207,16.67
4208,20.8
4209,23.39
4210,25.89
4211,27.1
4212,27.94
4213,27.57
4214,28.88
4215,30.32
4216,33.12
4217,35.46
4218,35.31
4219,31.65
4220,29.85
4221,30.13
4222,26.13
4223,22.47
4224,20.51
4225,19.96
4226,17.2
4227,15.61
4228,15.69
4229,19.15
4230,22.13
4231,23.86
4232,24.67
4233,25.89
4234,26.77
4235,28.68
4236,31.75
4237,33.25
4238,37.57
4239,39.64
4240,40.73
4241,41.4
4242,41.59
4243,41.29
4244,38.92
4245,37.95
4246,30.64
4247,26.88
4248,23.25
4249,21.27
4250,19.29
4251,18.31
4252,17.58
4253,19.25
4254,22.3
4255,24.57
4256,26.36
4257,27.44
4258,28.26
4259,31.02
4260,32.82
4261,34.52
4262,36.64
4263,37.96
4264,42.24
4265,44.28
4266,43.89
4267,39.13
4268,35.36
4269,32.21
4270,28.69
4271,24.92
4272,22.19
4273,21.0
4274,18.19
4275,16.81
4276,16.84
4277,18.15
4278,21.24
4279,24.6
4280,26.21
4281,28.68
4282,29.2
4283,33.92
4284,40.14
4285,44.2
4286,47.09
4287,51.24
4288,56.45
4289,65.09
4290,60.82
4291,54.53
4292,45.42
4293,42.75
4294,35.31
4295,29.2
4296,27.22
4297,22.98
4298,20.14
4299,18.96
4300,18.65
4301,19.5
4302,22.9
4303,26.14
4304,27.2
4305,31.16
4306,34.82
4307,41.69
4308,46.98
4309,50.0
4310,58.75
4311,66.09
4312,79.84
4313,87.84
4314,82.61
4315,69.4
4316,56.76
4317,49.61
4318,43.93
4319,33.87
4320,30.64
4321,25.9
4322,22.42
4323,21.06
4324,20.13
4325,22.01
4326,24.68
4327,29.16
4328,31.94
4329,39.48
4330,49.68
4331,45.41
4332,56.03
4333,65.94
4334,74.77
4335,80.42
4336,89.51
4337,91.49
4338,81.09
4339,66.2
4340,54.62
4341,49.69
4342,43.1
4343,33.34
4344,31.38
4345,27.1
4346,22.45
4347,20.62
4348,19.64
4349,19.98
4350,19.86
4351,20.23
4352,23.7
4353,27.94
4354,29.2
4355,32.85
4356,36.42
4357,38.2
4358,40.85
4359,43.02
4360,47.03
4361,51.91
4362,49.16
4363,40.98
4364,36.26
4365,32.07
4366,29.79
4367,27.08
4368,25.25
4369,23.6
4370,21.37
4371,20.6
4372,18.43
4373,18.42
4374,17.84
4375,18.0
4376,20.45
4377,23.59
4378,26.67
4379,27.77
4380,30.39
4381,32.34
4382,33.04
4383,34.66
4384,37.0
4385,43.17
4386,41.25
4387,36.64
4388,35.13
4389,33.59
4390,31.61
4391,27.3
4392,24.05
4393,21.43
4394,19.06
4395,17.59
4396,16.97
4397,18.26
4398,19.65
4399,22.03
4400,24.99
4401,29.59
4402,32.59
4403,36.44
4404,42.03
4405,43.05
4406,44.08
4407,47.01
4408,52.76
4409,57.6
4410,53.24
4411,46.35
4412,43.27
4413,42.73
4414,35.27
4415,27.95
4416,23.99
4417,22.34
4418,19.39
4419,17.94
4420,18.09
4421,17.96
4422,17.48
4423,17.98
4424,20.52
4425,23.82
4426,29.89
4427,33.05
4428,38.9
4429,39.94
4430,40.35
4431,42.5
4432,47.5
4433,50.78
4434,48.39
4435,44.24
4436,39.0
4437,36.51
4438,28.39
4439,25.51
4440,23.57
4441,21.05
4442,19.53
4443,18.76
4444,18.81
4445,19.68
4446,21.15
4447,24.14
4448,27.19
4449,31.21
4450,33.92
4451,39.31
4452,45.38
4453,49.35
4454,53.62
4455,55.69
4456,59.16
4457,59.26
4458,55.76
4459,50.19
4460,43.82
4461,40.06
4462,32.6
4463,28.08
4464,24.97
4465,23.72
4466,21.32
4467,20.85
4468,20.28
4469,21.25
4470,23.37
4471,24.45
4472,25.93
4473,28.8
4474,32.66
4475,34.74
4476,36.52
4477,36.99
4478,37.32
4479,38.48
4480,40.15
4481,42.67
4482,41.21
4483,40.15
4484,37.25
4485,34.18
4486,29.18
4487,24.81
4488,22.72
4489,20.81
4490,19.39
4491,18.54
4492,18.26
4493,19.73
4494,21.02
4495,23.36
4496,25.47
4497,29.33
4498,31.83
4499,32.95
4500,34.87
4501,35.14
4502,36.58
4503,37.98
4504,40.85
4505,42.02
4506,40.24
4507,36.84
4508,34.94
4509,31.37
4510,28.12
4511,24.4
4512,22.38
4513,21.61
4514,20.52
4515,19.55
4516,18.78
4517,18.95
4518,19.13
4519,19.63
4520,21.21
4521,24.87
4522,26.15
4523,26.95
4524,28.91
4525,31.0
4526,31.59
4527,32.25
4528,33.81
4529,35.24
4530,35.68
4531,33.27
4532,32.25
4533,29.3
4534,25.05
4535,23.76
4536,21.97
4537,20.09
4538,18.72
4539,17.56
4540,16.48
4541,15.97
4542,16.23
4543,16.83
4544,18.3
4545,21.59
4546,23.07
4547,24.59
4548,26.08
4549,28.8
4550,30.17
4551,33.72
4552,35.32
4553,39.74
4554,42.98
4555,38.01
4556,34.34
4557,31.57
4558,26.91
4559,24.21
4560,20.36
4561,18.73
4562,15.89
4563,14.88
4564,14.43
4565,15.11
4566,17.23
4567,21.27
4568,24.69
4569,29.74
4570,33.95
4571,35.22
4572,38.09
4573,39.93
4574,43.43
4575,46.43
4576,53.25
4577,56.63
4578,56.01
4579,50.22
4580,44.55
4581,38.41
4582,31.03
4583,25.73
4584,23.12
4585,19.73
4586,18.27
4587,16.98
4588,16.49
4589,17.72
4590,19.99
4591,23.07
4592,26.34
4593,31.97
4594,34.94
4595,38.02
4596,44.28
4597,49.28
4598,50.5
4599,54.03
4600,60.57
4601,58.33
4602,54.44
4603,48.52
4604,45.71
4605,40.17
4606,33.12
4607,26.93
4608,24.41
4609,22.43
4610,19.64
4611,19.48
4612,19.01
4613,20.0
4614,21.96
4615,24.19
4616,27.07
4617,31.71
4618,34.55
4619,37.9
4620,41.0
4621,41.89
4622,44.31
4623,43.82
4624,46.07
4625,47.04
4626,47.03
4627,46.76
4628,40.78
4629,41.11
4630,33.51
4631,29.23
4632,25.86
4633,23.16
4634,22.11
4635,20.84
4636,20.93
4637,21.43
4638,23.97
4639,24.63
4640,27.68
4641,33.09
4642,35.59
4643,37.45
4644,41.41
4645,44.67
4646,45.48
4647,46.04
4648,51.59
4649,54.64
4650,55.68
4651,51.7
4652,46.95
4653,43.57
4654,37.34
4655,29.67
4656,25.08
4657,23.09
4658,20.56
4659,19.93
4660,19.43
4661,20.32
4662,21.73
4663,23.86
4664,26.87
4665,34.99
4666,38.24
4667,39.49
4668,42.09
4669,42.17
4670,45.88
4671,49.25
4672,56.33
4673,57.3
4674,54.73
4675,48.4
4676,41.75
4677,40.3
4678,34.81
4679,28.33
4680,25.15
4681,24.6
4682,22.42
4683,20.64
4684,19.79
4685,19.6
4686,19.82
4687,19.78
4688,22.25
4689,27.14
4690,30.4
4691,31.92
4692,34.09
4693,37.44
4694,37.73
4695,37.16
4696,41.85
4697,44.13
4698,46.7
4699,44.61
4700,38.82
4701,38.91
4702,33.64
4703,26.8
4704,24.39
4705,24.25
4706,22.92
4707,21.12
4708,19.47
4709,19.06
4710,18.29
4711,17.87
4712,20.36
4713,23.1
4714,26.46
4715,30.15
4716,33.59
4717,33.36
4718,36.0
4719,35.06
4720,40.09
4721,43.21
4722,43.66
4723,42.47
4724,39.51
4725,34.69
4726,29.17
4727,25.32
4728,23.43
4729,21.38
4730,19.54
4731,18.55
4732,18.51
4733,20.73
4734,23.17
4735,24.83
4736,27.65
4737,33.84
4738,37.2
4739,37.67
4740,40.77
4741,40.66
4742,43.1
4743,42.5
4744,46.15
4745,48.96
4746,49.28
4747,47.26
4748,44.58
4749,41.23
4750,32.95
4751,27.86
4752,24.01
4753,22.45
4754,20.57
4755,19.19
4756,18.35
4757,18.8
4758,21.21
4759,23.1
4760,24.99
4761,28.54
4762,30.93
4763,33.87
4764,37.99
4765,40.03
4766,44.79
4767,43.98
4768,48.68
4769,54.52
4770,49.56
4771,44.36
4772,40.13
4773,36.41
4774,31.03
4775,25.79
4776,23.64
4777,21.31
4778,19.28
4779,17.82
4780,18.24
4781,19.02
4782,21.56
4783,23.0
4784,25.17
4785,29.64
4786,33.77
4787,34.71
4788,39.38
4789,42.5
4790,44.95
4791,48.29
4792,56.33
4793,64.12
4794,57.71
4795,52.86
4796,42.14
4797,40.42
4798,33.1
4799,27.9
4800,24.67
4801,23.27
4802,20.52
4803,18.96
4804,18.69
4805,19.7
4806,22.95
4807,24.29
4808,25.93
4809,31.02
4810,32.58
4811,33.5
4812,39.53
4813,40.38
4814,40.6
4815,40.0
4816,42.17
4817,46.44
4818,45.36
4819,42.92
4820,38.22
4821,36.56
4822,31.36
4823,25.05
4824,25.35
4825,23.4
4826,20.74
4827,20.21
4828,19.28
4829,21.03
4830,23.52
4831,25.0
4832,27.09
4833,31.88
4834,34.62
4835,38.18
4836,39.27
4837,41.96
4838,44.1
4839,41.91
4840,41.37
4841,44.47
4842,41.24
4843,41.38
4844,38.82
4845,37.21
4846,31.96
4847,27.63
4848,24.63
4849,23.13
4850,20.21
4851,18.94
4852,17.73
4853,17.8
4854,18.28
4855,18.95
4856,20.72
4857,24.26
4858,27.47
4859,29.58
4860,30.92
4861,33.18
4862,35.43
4863,37.3
4864,40.29
4865,46.96
4866,47.28
4867,39.0
4868,35.6
4869,33.48
4870,27.35
4871,24.74
4872,23.06
4873,21.26
4874,19.83
4875,18.84
4876,18.32
4877,17.78
4878,18.09
4879,17.82
4880,19.5
4881,23.74
4882,26.36
4883,28.76
4884,32.6
4885,37.66
4886,38.72
4887,42.51
4888,50.9
4889,58.17
4890,59.04
4891,54.77
4892,45.04
4893,37.63
4894,31.65
4895,25.98
4896,23.77
4897,20.07
4898,17.23
4899,16.48
4900,16.15
4901,17.71
4902,21.51
4903,23.81
4904,25.77
4905,29.35
4906,33.45
4907,36.52
4908,41.56
4909,44.11
4910,47.78
4911,52.06
4912,59.49
4913,66.11
4914,63.92
4915,58.23
4916,47.81
4917,42.67
4918,34.64
4919,26.96
4920,24.37
4921,24.04
4922,22.32
4923,22.04
4924,21.66
4925,21.74
4926,24.8
4927,26.46
4928,27.64
4929,33.22
4930,41.17
4931,46.43
4932,49.01
4933,55.39
4934,61.57
4935,64.14
4936,74.11
4937,84.85
4938,78.69
4939,75.09
4940,62.75
4941,52.37
4942,39.46
4943,32.32
4944,26.86
4945,24.17
4946,21.8
4947,20.75
4948,20.43
4949,21.55
4950,25.34
4951,28.23
4952,31.82
4953,34.43
4954,42.55
4955,45.44
4956,52.13
4957,61.15
4958,64.15
4959,69.26
4960,82.69
4961,92.15
4962,89.02
4963,74.53
4964,66.25
4965,61.92
4966,52.2
4967,40.34
4968,33.18
4969,26.19
4970,22.67
4971,21.2
4972,20.52
4973,21.1
4974,23.76
4975,26.15
4976,28.13
4977,35.85
4978,47.75
4979,54.71
4980,65.94
4981,81.19
4982,98.66
4983,123.43
4984,155.01
4985,171.46
4986,168.58
4987,127.64
4988,99.16
4989,78.05
4990,55.87
4991,36.21
4992,30.32
4993,28.02
4994,25.75
4995,23.3
4996,23.01
4997,24.36
4998,27.17
4999,29.32
5000,32.72
5001,38.72
5002,49.35
5003,58.07
5004,80.9
5005,98.77
5006,123.37
5007,140.51
5008,170.32
5009,182.34
5010,162.37
5011,124.14
5012,87.07
5013,65.47
5014,44.69
5015,35.96
5016,29.46
5017,27.67
5018,24.12
5019,22.59
5020,21.59
5021,21.26
5022,21.14
5023,22.42
5024,23.67
5025,27.95
5026,31.08
5027,34.7
5028,36.85
5029,40.27
5030,45.09
5031,45.08
5032,48.83
5033,53.34
5034,52.57
5035,49.31
5036,40.04
5037,35.13
5038,30.0
5039,26.56
5040,24.02
5041,23.12
5042,21.24
5043,20.08
5044,18.81
5045,18.84
5046,18.95
5047,18.52
5048,20.1
5049,22.88
5050,26.35
5051,28.09
5052,29.77
5053,33.27
5054,34.91
5055,36.28
5056,38.47
5057,46.77
5058,46.6
5059,41.57
5060,34.71
5061,32.15
5062,27.56
5063,24.99
5064,23.13
5065,20.22
5066,18.07
5067,17.24
5068,16.89
5069,17.56
5070,20.3
5071,21.4
5072,22.56
5073,26.46
5074,28.95
5075,29.57
5076,37.09
5077,39.7
5078,40.47
5079,42.1
5080,47.45
5081,49.7
5082,48.75
5083,42.64
5084,37.27
5085,35.1
5086,27.86
5087,24.45
5088,21.91
5089,20.67
5090,18.45
5091,17.99
5092,17.7
5093,17.89
5094,19.8
5095,21.29
5096,22.55
5097,25.23
5098,28.39
5099,29.16
5100,33.28
5101,36.96
5102,39.98
5103,42.21
5104,47.46
5105,51.56
5106,46.89
5107,41.87
5108,36.67
5109,34.47
5110,28.38
5111,24.68
5112,23.53
5113,20.84
5114,18.85
5115,18.24
5116,18.06
5117,19.25
5118,21.07
5119,22.5
5120,23.3
5121,26.85
5122,29.74
5123,30.14
5124,36.09
5125,38.88
5126,40.83
5127,42.91
5128,51.65
5129,54.7
5130,50.4
5131,42.4
5132,36.15
5133,36.04
5134,31.14
5135,26.15
5136,23.83
5137,22.02
5138,19.82
5139,19.25
5140,19.01
5141,19.99
5142,21.51
5143,23.02
5144,24.4
5145,28.55
5146,32.44
5147,34.86
5148,35.79
5149,39.19
5150,42.6
5151,47.15
5152,57.08
5153,61.49
5154,57.48
5155,43.6
5156,38.02
5157,37.66
5158,32.49
5159,27.72
5160,24.9
5161,24.25
5162,22.11
5163,21.0
5164,20.46
5165,21.39
5166,23.68
5167,24.35
5168,26.08
5169,29.77
5170,35.07
5171,37.11
5172,38.24
5173,43.44
5174,43.35
5175,48.25
5176,54.97
5177,55.63
5178,50.02
5179,40.35
5180,35.84
5181,34.65
5182,30.65
5183,25.71
5184,24.51
5185,22.36
5186,20.8
5187,19.23
5188,19.68
5189,19.05
5190,19.76
5191,19.76
5192,21.32
5193,24.38
5194,26.35
5195,30.17
5196,33.44
5197,35.29
5198,39.37
5199,40.9
5200,46.03
5201,48.12
5202,44.73
5203,41.14
5204,36.43
5205,34.16
5206,29.07
5207,25.33
5208,23.2
5209,21.16
5210,20.01
5211,19.3
5212,17.98
5213,18.63
5214,18.32
5215,17.69
5216,19.82
5217,21.89
5218,24.69
5219,26.56
5220,27.81
5221,32.31
5222,32.18
5223,35.27
5224,40.12
5225,45.18
5226,42.68
5227,40.06
5228,35.1
5229,33.7
5230,28.55
5231,23.86
5232,22.54
5233,20.66
5234,19.43
5235,19.74
5236,19.19
5237,19.79
5238,21.77
5239,24.52
5240,25.01
5241,26.36
5242,30.02
5243,31.58
5244,34.37
5245,36.09
5246,36.63
5247,37.06
5248,37.74
5249,39.5
5250,37.74
5251,35.64
5252,35.58
5253,34.51
5254,30.05
5255,24.81
5256,23.47
5257,22.69
5258,20.89
5259,20.25
5260,19.91
5261,20.68
5262,22.31
5263,23.85
5264,24.79
5265,26.73
5266,30.57
5267,33.94
5268,36.72
5269,40.66
5270,41.05
5271,42.39
5272,46.95
5273,46.8
5274,45.17
5275,40.17
5276,39.54
5277,38.3
5278,32.47
5279,26.22
5280,24.7
5281,23.09
5282,21.05
5283,20.52
5284,20.27
5285,21.41
5286,23.82
5287,26.93
5288,26.39
5289,28.74
5290,32.61
5291,38.79
5292,41.32
5293,43.43
5294,44.63
5295,44.05
5296,44.66
5297,46.69
5298,43.37
5299,39.39
5300,38.1
5301,37.07
5302,32.48
5303,28.67
5304,26.19
5305,24.96
5306,21.97
5307,21.22
5308,20.74
5309,21.23
5310,24.95
5311,27.56
5312,27.51
5313,28.08
5314,32.88
5315,36.27
5316,39.35
5317,40.71
5318,42.11
5319,43.45
5320,46.73
5321,49.89
5322,46.58
5323,42.07
5324,39.05
5325,35.68
5326,28.33
5327,25.33
5328,24.07
5329,22.47
5330,20.6
5331,19.97
5332,19.6
5333,20.73
5334,23.39
5335,25.28
5336,26.55
5337,30.12
5338,36.24
5339,38.9
5340,41.41
5341,45.45
5342,45.78
5343,46.23
5344,49.97
5345,54.81
5346,51.46
5347,46.4
5348,41.91
5349,37.93
5350,31.78
5351,27.42
5352,26.38
5353,24.38
5354,22.72
5355,21.15
5356,20.91
5357,20.92
5358,21.11
5359,21.84
5360,23.63
5361,28.14
5362,30.09
5363,32.13
5364,35.73
5365,36.71
5366,37.34
5367,39.36
5368,44.95
5369,50.06
5370,50.15
5371,47.0
5372,39.4
5373,38.65
5374,33.77
5375,28.52
5376,26.61
5377,25.87
5378,24.18
5379,22.29
5380,21.46
5381,21.68
5382,21.53
5383,20.88
5384,22.09
5385,24.5
5386,26.91
5387,28.57
5388,31.91
5389,34.56
5390,36.77
5391,40.54
5392,44.42
5393,47.42
5394,47.1
5395,42.84
5396,37.62
5397,34.13
5398,28.72
5399,25.16
5400,22.77
5401,22.19
5402,21.34
5403,20.85
5404,20.28
5405,20.96
5406,26.73
5407,27.99
5408,28.87
5409,31.08
5410,33.22
5411,33.27
5412,35.06
5413,36.65
5414,37.16
5415,38.16
5416,36.79
5417,38.02
5418,36.94
5419,36.21
5420,35.62
5421,35.39
5422,29.48
5423,26.34
5424,23.9
5425,21.83
5426,20.36
5427,19.58
5428,19.46
5429,20.25
5430,23.89
5431,24.53
5432,25.6
5433,27.36
5434,29.36
5435,31.21
5436,31.79
5437,33.8
5438,33.21
5439,34.76
5440,39.17
5441,43.09
5442,40.81
5443,40.04
5444,35.75
5445,33.38
5446,28.0
5447,24.61
5448,23.15
5449,22.15
5450,20.5
5451,20.01
5452,20.05
5453,21.24
5454,22.92
5455,25.6
5456,25.7
5457,28.1
5458,30.75
5459,31.94
5460,33.2
5461,35.08
5462,36.96
5463,38.4
5464,42.76
5465,44.83
5466,42.95
5467,40.66
5468,35.31
5469,31.67
5470,25.53
5471,22.96
5472,20.87
5473,19.03
5474,16.7
5475,15.52
5476,15.39
5477,15.94
5478,18.58
5479,19.96
5480,20.65
5481,21.81
5482,23.09
5483,24.19
5484,25.8
5485,27.56
5486,28.51
5487,31.2
5488,32.88
5489,36.23
5490,37.2
5491,37.9
5492,37.41
5493,32.42
5494,27.05
5495,24.26
5496,22.84
5497,20.64
5498,19.14
5499,18.01
5500,17.46
5501,19.5
5502,21.01
5503,21.25
5504,22.31
5505,23.88
5506,24.76
5507,26.12
5508,26.96
5509,30.3
5510,31.91
5511,34.42
5512,33.87
5513,35.76
5514,34.26
5515,32.46
5516,30.85
5517,27.51
5518,24.8
5519,22.04
5520,20.24
5521,18.4
5522,15.98
5523,15.49
5524,13.85
5525,14.46
5526,14.69
5527,15.03
5528,16.37
5529,19.27
5530,20.24
5531,22.27
5532,24.17
5533,27.45
5534,29.43
5535,32.58
5536,36.09
5537,39.88
5538,34.85
5539,30.5
5540,27.31
5541,26.29
5542,22.13
5543,21.51
5544,21.43
5545,20.13
5546,18.57
5547,16.51
5548,15.1
5549,15.63
5550,15.46
5551,15.47
5552,17.32
5553,20.74
5554,25.12
5555,31.51
5556,35.25
5557,40.94
5558,44.32
5559,46.97
5560,56.83
5561,67.82
5562,64.81
5563,58.19
5564,46.65
5565,42.55
5566,33.67
5567,27.9
5568,26.45
5569,24.52
5570,21.89
5571,21.48
5572,21.02
5573,21.76
5574,24.47
5575,25.15
5576,28.72
5577,35.14
5578,40.06
5579,43.0
5580,49.16
5581,54.11
5582,62.99
5583,67.73
5584,81.62
5585,92.92
5586,74.41
5587,61.08
5588,52.14
5589,45.95
5590,36.86
5591,26.39
5592,24.8
5593,22.58
5594,19.65
5595,18.95
5596,18.06
5597,19.09
5598,21.03
5599,21.92
5600,23.49
5601,27.81
5602,34.13
5603,37.44
5604,43.46
5605,47.2
5606,55.9
5607,60.64
5608,77.62
5609,89.61
5610,74.51
5611,57.12
5612,45.42
5613,43.18
5614,32.99
5615,27.33
5616,25.83
5617,22.47
5618,20.1
5619,18.66
5620,17.98
5621,19.17
5622,20.41
5623,22.16
5624,23.35
5625,28.53
5626,34.54
5627,40.23
5628,39.92
5629,51.06
5630,59.08
5631,72.95
5632,94.56
5633,109.98
5634,100.39
5635,83.71
5636,59.35
5637,53.16
5638,42.56
5639,33.29
5640,28.51
5641,26.03
5642,21.86
5643,21.23
5644,21.3
5645,22.1
5646,26.63
5647,29.6
5648,34.25
5649,41.78
5650,51.1
5651,58.23
5652,72.71
5653,93.7
5654,110.25
5655,148.08
5656,185.82
5657,218.69
5658,201.2
5659,153.12
5660,93.79
5661,71.32
5662,55.16
5663,39.41
5664,34.47
5665,31.52
5666,24.17
5667,22.37
5668,21.84
5669,22.48
5670,26.07
5671,28.19
5672,32.7
5673,35.31
5674,42.88
5675,45.36
5676,46.96
5677,54.44
5678,60.92
5679,68.65
5680,79.2
5681,81.62
5682,71.43
5683,54.69
5684,44.63
5685,39.17
5686,33.01
5687,27.57
5688,25.34
5689,24.36
5690,21.37
5691,20.65
5692,19.85
5693,20.41
5694,21.12
5695,20.6
5696,21.93
5697,24.56
5698,26.82
5699,28.95
5700,29.71
5701,32.21
5702,33.67
5703,34.32
5704,35.44
5705,36.91
5706,35.1
5707,32.34
5708,29.75
5709,26.84
5710,25.07
5711,23.15
5712,21.69
5713,20.31
5714,18.61
5715,17.82
5716,16.99
5717,16.77
5718,17.6
5719,17.66
5720,17.83
5721,20.1
5722,22.86
5723,23.57
5724,24.95
5725,26.61
5726,27.78
5727,28.67
5728,33.12
5729,34.93
5730,34.59
5731,32.91
5732,29.15
5733,27.11
5734,24.24
5735,22.59
5736,21.2
5737,19.2
5738,17.2
5739,16.95
5740,16.34
5741,17.81
5742,22.35
5743,22.82
5744,23.44
5745,24.91
5746,29.04
5747,31.47
5748,32.54
5749,35.08
5750,35.96
5751,37.53
5752,40.43
5753,40.53
5754,37.41
5755,36.39
5756,34.57
5757,30.79
5758,26.59
5759,23.79
5760,21.95
5761,20.16
5762,18.17
5763,18.29
5764,18.67
5765,20.22
5766,22.75
5767,24.43
5768,24.38
5769,26.86
5770,30.69
5771,31.21
5772,31.56
5773,34.2
5774,35.54
5775,36.47
5776,38.89
5777,40.98
5778,40.88
5779,40.08
5780,35.46
5781,33.33
5782,26.56
5783,24.03
5784,22.76
5785,20.47
5786,19.43
5787,18.69
5788,18.36
5789,19.9
5790,23.11
5791,23.89
5792,24.76
5793,25.55
5794,27.88
5795,28.06
5796,30.1
5797,31.78
5798,33.33
5799,34.65
5800,36.26
5801,38.16
5802,36.76
5803,34.84
5804,31.15
5805,26.04
5806,22.61
5807,22.19
5808,20.25
5809,19.59
5810,17.02
5811,16.02
5812,16.41
5813,19.01
5814,20.64
5815,20.88
5816,21.58
5817,22.84
5818,25.39
5819,24.12
5820,24.84
5821,27.86
5822,28.66
5823,30.6
5824,33.47
5825,33.18
5826,35.03
5827,34.33
5828,31.56
5829,25.59
5830,21.94
5831,21.51
5832,19.99
5833,17.67
5834,14.17
5835,14.18
5836,14.53
5837,15.52
5838,20.98
5839,21.95
5840,21.74
5841,22.57
5842,24.29
5843,25.56
5844,26.49
5845,29.4
5846,31.61
5847,33.11
5848,37.31
5849,39.54
5850,36.0
5851,35.92
5852,29.88
5853,26.51
5854,22.82
5855,21.22
5856,20.87
5857,17.77
5858,14.98
5859,14.14
5860,13.89
5861,13.99
5862,15.56
5863,16.45
5864,18.14
5865,20.92
5866,23.46
5867,25.87
5868,28.18
5869,30.94
5870,32.93
5871,35.18
5872,40.04
5873,43.14
5874,42.17
5875,39.91
5876,33.44
5877,27.98
5878,24.07
5879,22.24
5880,22.04
5881,19.29
5882,14.85
5883,13.47
5884,13.19
5885,13.74
5886,15.17
5887,16.55
5888,18.32
5889,21.65
5890,26.83
5891,30.93
5892,37.22
5893,40.38
5894,41.77
5895,45.36
5896,49.65
5897,62.91
5898,64.18
5899,57.1
5900,46.6
5901,38.26
5902,29.2
5903,24.43
5904,22.56
5905,19.77
5906,16.43
5907,15.18
5908,14.46
5909,15.23
5910,18.36
5911,19.76
5912,20.37
5913,24.68
5914,31.65
5915,36.34
5916,42.27
5917,46.42
5918,51.3
5919,56.44
5920,63.89
5921,73.79
5922,70.61
5923,70.24
5924,56.44
5925,44.79
5926,33.08
5927,29.04
5928,27.49
5929,25.19
5930,21.79
5931,20.0
5932,20.09
5933,23.04
5934,29.77
5935,31.51
5936,32.27
5937,33.59
5938,40.6
5939,47.64
5940,54.06
5941,56.0
5942,62.19
5943,69.71
5944,77.63
5945,87.25
5946,82.77
5947,71.44
5948,60.18
5949,50.14
5950,35.34
5951,28.9
5952,27.03
5953,21.58
5954,19.57
5955,18.77
5956,18.73
5957,19.42
5958,22.75
5959,25.64
5960,25.89
5961,27.78
5962,29.89
5963,32.02
5964,23.35
5965,27.17
5966,29.37
5967,26.05
5968,35.36
5969,48.13
5970,50.18
5971,45.15
5972,40.07
5973,35.83
5974,29.58
5975,26.16
5976,24.14
5977,22.4
5978,19.83
5979,20.47
5980,20.47
5981,22.03
5982,25.28
5983,26.85
5984,27.13
5985,28.2
5986,28.62
5987,28.86
5988,24.7
5989,28.35
5990,28.75
5991,28.62
5992,31.41
5993,39.59
5994,40.18
5995,38.25
5996,33.69
5997,29.94
5998,26.49
5999,24.38
6000,23.11
6001,23.18
6002,21.93
6003,21.29
6004,21.31
6005,23.03
6006,27.26
6007,28.79
6008,28.04
6009,28.35
6010,30.04
6011,31.65
6012,31.91
6013,32.15
6014,33.52
6015,34.42
6016,37.31
6017,39.9
6018,37.36
6019,35.93
6020,31.41
6021,28.24
6022,25.59
6023,23.18
6024,21.47
6025,20.33
6026,18.29
6027,17.29
6028,16.56
6029,16.94
6030,18.88
6031,19.45
6032,22.36
6033,21.66
6034,23.64
6035,24.95
6036,25.46
6037,26.18
6038,28.14
6039,28.72
6040,30.67
6041,33.16
6042,32.38
6043,30.97
6044,27.33
6045,25.27
6046,23.18
6047,20.84
6048,20.15
6049,19.53
6050,18.36
6051,18.39
6052,17.7
6053,18.07
6054,18.93
6055,18.26
6056,20.29
6057,21.28
6058,22.76
6059,23.57
6060,25.09
6061,26.39
6062,28.77
6063,28.75
6064,31.64
6065,36.07
6066,35.69
6067,35.9
6068,31.47
6069,28.07
6070,24.52
6071,23.73
6072,21.99
6073,21.38
6074,20.34
6075,20.06
6076,20.6
6077,22.67
6078,26.49
6079,28.03
6080,28.08
6081,27.31
6082,29.62
6083,30.56
6084,31.06
6085,34.4
6086,35.46
6087,34.86
6088,37.37
6089,38.84
6090,36.76
6091,38.54
6092,34.79
6093,30.96
6094,27.49
6095,25.22
6096,22.41
6097,22.21
6098,21.36
6099,21.29
6100,21.26
6101,22.89
6102,27.25
6103,29.45
6104,29.34
6105,29.42
6106,30.63
6107,30.71
6108,32.27
6109,33.04
6110,32.96
6111,33.67
6112,33.52
6113,36.26
6114,34.88
6115,34.18
6116,32.18
6117,28.71
6118,24.68
6119,23.9
6120,21.1
6121,19.66
6122,18.29
6123,17.89
6124,17.93
6125,20.71
6126,24.17
6127,24.37
6128,24.79
6129,25.02
6130,26.87
6131,27.49
6132,27.34
6133,28.83
6134,30.65
6135,31.32
6136,32.28
6137,32.85
6138,32.54
6139,33.86
6140,30.64
6141,26.26
6142,23.17
6143,21.58
6144,20.36
6145,18.54
6146,16.65
6147,16.3
6148,16.37
6149,17.5
6150,21.02
6151,23.72
6152,23.7
6153,24.06
6154,26.02
6155,26.01
6156,26.22
6157,28.0
6158,31.53
6159,30.67
6160,32.43
6161,36.18
6162,35.53
6163,34.58
6164,31.15
6165,26.33
6166,23.59
6167,21.93
6168,20.96
6169,18.19
6170,16.6
6171,16.08
6172,16.48
6173,18.19
6174,23.02
6175,25.2
6176,23.68
6177,24.6
6178,27.11
6179,27.38
6180,28.03
6181,28.55
6182,29.63
6183,31.63
6184,32.39
6185,35.27
6186,36.13
6187,36.66
6188,31.29
6189,27.77
6190,24.8
6191,23.28
6192,22.46
6193,21.07
6194,19.49
6195,19.35
6196,18.89
6197,19.8
6198,21.04
6199,21.42
6200,22.38
6201,23.44
6202,24.96
6203,25.15
6204,26.1
6205,27.3
6206,28.78
6207,29.04
6208,30.77
6209,32.41
6210,31.43
6211,30.18
6212,28.4
6213,27.39
6214,24.57
6215,23.53
6216,21.82
6217,19.33
6218,17.48
6219,17.18
6220,16.72
6221,17.0
6222,18.22
6223,18.33
6224,18.97
6225,20.87
6226,23.31
6227,24.09
6228,24.41
6229,25.84
6230,27.03
6231,28.12
6232,31.7
6233,36.73
6234,36.22
6235,37.03
6236,33.0
6237,27.79
6238,23.68
6239,22.25
6240,20.6
6241,18.6
6242,17.26
6243,16.64
6244,16.33
6245,18.56
6246,22.5
6247,25.15
6248,24.41
6249,23.05
6250,25.1
6251,25.07
6252,26.07
6253,27.51
6254,30.29
6255,31.05
6256,32.15
6257,37.03
6258,36.86
6259,36.02
6260,31.25
6261,26.01
6262,22.44
6263,20.49
6264,17.68
6265,17.19
6266,15.95
6267,15.66
6268,16.14
6269,19.06
6270,22.27
6271,25.0
6272,22.73
6273,22.36
6274,24.39
6275,24.52
6276,27.24
6277,29.93
6278,32.51
6279,32.62
6280,35.47
6281,41.52
6282,40.18
6283,41.49
6284,31.83
6285,26.87
6286,23.06
6287,21.02
6288,20.06
6289,20.76
6290,18.86
6291,18.48
6292,19.83
6293,21.86
6294,25.23
6295,28.44
6296,10.11
6297,14.63
6298,17.95
6299,19.38
6300,9.18
6301,5.65
6302,3.99
6303,1.88
6304,42.39
6305,45.87
6306,44.86
6307,42.85
6308,35.68
6309,30.15
6310,26.6
6311,25.29
6312,24.96
6313,21.05
6314,19.22
6315,19.34
6316,19.94
6317,22.73
6318,27.51
6319,30.62
6320,29.44
6321,31.94
6322,32.91
6323,32.4
6324,34.24
6325,37.64
6326,41.01
6327,44.29
6328,45.84
6329,47.94
6330,45.55
6331,43.96
6332,38.92
6333,33.11
6334,29.32
6335,26.22
6336,24.16
6337,20.52
6338,19.47
6339,19.56
6340,19.7
6341,21.37
6342,24.99
6343,28.81
6344,28.0
6345,28.43
6346,30.6
6347,30.67
6348,30.89
6349,34.49
6350,36.44
6351,39.75
6352,44.05
6353,43.64
6354,41.16
6355,39.35
6356,34.07
6357,28.82
6358,24.59
6359,23.48
6360,22.14
6361,22.51
6362,20.62
6363,20.02
6364,20.01
6365,21.04
6366,22.04
6367,22.98
6368,23.71
6369,24.46
6370,26.09
6371,26.63
6372,28.49
6373,31.44
6374,34.7
6375,38.54
6376,40.73
6377,44.6
6378,42.32
6379,40.1
6380,34.95
6381,27.96
6382,24.42
6383,23.09
6384,22.44
6385,20.44
6386,19.11
6387,18.03
6388,17.58
6389,17.27
6390,18.98
6391,20.18
6392,21.99
6393,24.25
6394,25.09
6395,24.82
6396,26.24
6397,27.52
6398,30.06
6399,30.56
6400,33.99
6401,38.05
6402,38.84
6403,36.82
6404,35.84
6405,30.48
6406,26.67
6407,23.84
6408,23.22
6409,21.74
6410,21.04
6411,20.82
6412,21.22
6413,24.03
6414,28.45
6415,31.88
6416,30.44
6417,31.1
6418,33.83
6419,35.2
6420,36.21
6421,39.22
6422,40.5
6423,41.78
6424,43.69
6425,46.66
6426,45.34
6427,45.64
6428,42.61
6429,35.3
6430,31.26
6431,27.01
6432,26.21
6433,23.6
6434,22.74
6435,22.69
6436,22.91
6437,24.95
6438,31.36
6439,33.5
6440,32.22
6441,33.75
6442,36.47
6443,37.0
6444,37.76
6445,40.38
6446,40.55
6447,41.33
6448,42.67
6449,47.55
6450,43.6
6451,42.2
6452,40.58
6453,32.1
6454,28.27
6455,23.94
6456,23.91
6457,23.06
6458,21.01
6459,21.78
6460,22.36
6461,23.7
6462,31.01
6463,35.09
6464,34.35
6465,35.22
6466,37.89
6467,36.75
6468,34.73
6469,37.92
6470,39.72
6471,38.19
6472,39.23
6473,42.29
6474,41.22
6475,42.03
6476,39.97
6477,32.67
6478,27.56
6479,23.6
6480,22.76
6481,26.28
6482,24.21
6483,23.01
6484,24.26
6485,27.68
6486,38.85
6487,40.79
6488,37.89
6489,39.46
6490,40.74
6491,41.9
6492,43.76
6493,47.84
6494,51.13
6495,52.64
6496,55.13
6497,58.03
6498,55.53
6499,57.11
6500,53.29
6501,45.12
6502,39.61
6503,35.02
6504,34.14
6505,29.75
6506,27.08
6507,26.38
6508,26.81
6509,32.26
6510,45.11
6511,45.85
6512,39.08
6513,39.46
6514,40.95
6515,40.27
6516,42.1
6517,45.76
6518,51.78
6519,53.23
6520,57.31
6521,61.75
6522,57.34
6523,54.16
6524,47.79
6525,40.75
6526,35.94
6527,34.07
6528,33.52
6529,27.02
6530,23.1
6531,22.21
6532,21.73
6533,23.7
6534,29.95
6535,32.18
6536,31.22
6537,31.61
6538,35.46
6539,37.53
6540,39.89
6541,43.12
6542,47.97
6543,54.03
6544,56.53
6545,62.23
6546,61.32
6547,54.58
6548,48.9
6549,42.98
6550,37.61
6551,35.17
6552,32.82
6553,20.66
6554,17.16
6555,16.42
6556,16.03
6557,16.77
6558,18.72
6559,21.28
6560,23.33
6561,24.17
6562,26.63
6563,28.65
6564,30.48
6565,35.67
6566,39.94
6567,44.55
6568,49.98
6569,57.94
6570,58.25
6571,50.21
6572,40.2
6573,34.08
6574,29.65
6575,26.21
6576,24.61
6577,20.99
6578,18.03
6579,17.72
6580,17.79
6581,23.45
6582,33.97
6583,38.12
6584,33.05
6585,35.46
6586,40.49
6587,42.9
6588,44.39
6589,48.24
6590,56.66
6591,64.2
6592,74.52
6593,85.25
6594,79.82
6595,68.91
6596,55.85
6597,41.06
6598,34.68
6599,28.18
6600,25.8
6601,25.6
6602,22.74
6603,21.98
6604,21.79
6605,25.65
6606,36.94
6607,38.68
6608,34.61
6609,35.98
6610,39.95
6611,44.67
6612,49.73
6613,57.71
6614,66.09
6615,78.67
6616,89.13
6617,97.58
6618,94.42
6619,79.39
6620,61.28
6621,48.44
6622,37.6
6623,30.6
6624,27.32
6625,22.41
6626,20.6
6627,19.74
6628,20.04
6629,23.1
6630,30.71
6631,34.07
6632,32.36
6633,33.59
6634,38.14
6635,40.67
6636,46.32
6637,49.32
6638,55.89
6639,64.98
6640,70.75
6641,77.34
6642,73.21
6643,68.59
6644,56.72
6645,43.53
6646,36.71
6647,31.19
6648,27.5
6649,20.97
6650,19.43
6651,18.82
6652,19.21
6653,22.49
6654,30.69
6655,36.15
6656,29.76
6657,30.39
6658,31.31
6659,32.64
6660,34.37
6661,35.12
6662,37.54
6663,39.14
6664,41.06
6665,45.24
6666,45.1
6667,43.07
6668,37.69
6669,30.16
6670,25.43
6671,23.13
6672,20.93
6673,19.95
6674,17.97
6675,17.35
6676,17.64
6677,21.37
6678,27.75
6679,32.67
6680,28.52
6681,28.87
6682,28.78
6683,27.7
6684,28.17
6685,26.68
6686,27.81
6687,27.29
6688,28.25
6689,28.08
6690,27.72
6691,29.24
6692,26.83
6693,24.78
6694,23.27
6695,20.42
6696,19.53
6697,21.47
6698,20.5
6699,20.57
6700,20.84
6701,20.51
6702,22.7
6703,23.25
6704,23.46
6705,23.76
6706,24.87
6707,23.42
6708,24.05
6709,22.97
6710,23.63
6711,23.22
6712,23.54
6713,24.49
6714,28.72
6715,35.32
6716,29.71
6717,25.32
6718,24.0
6719,23.13
6720,23.38
6721,23.37
6722,23.32
6723,22.97
6724,22.49
6725,23.25
6726,25.76
6727,27.34
6728,27.52
6729,28.56
6730,29.85
6731,28.65
6732,27.5
6733,27.46
6734,27.77
6735,27.63
6736,28.67
6737,32.12
6738,38.09
6739,46.79
6740,40.56
6741,31.23
6742,27.26
6743,25.24
6744,24.46
6745,21.69
6746,21.93
6747,22.25
6748,22.96
6749,27.22
6750,37.57
6751,47.98
6752,38.94
6753,37.15
6754,38.36
6755,32.8
6756,31.24
6757,28.52
6758,28.85
6759,28.82
6760,29.51
6761,34.25
6762,41.92
6763,53.59
6764,43.14
6765,37.32
6766,31.32
6767,25.61
6768,25.1
6769,25.4
6770,24.95
6771,24.92
6772,25.56
6773,31.18
6774,45.87
6775,56.9
6776,46.95
6777,42.03
6778,43.37
6779,35.76
6780,34.38
6781,29.91
6782,31.8
6783,31.8
6784,34.63
6785,39.96
6786,47.59
6787,64.39
6788,44.35
6789,37.46
6790,32.83
6791,26.64
6792,25.46
6793,25.3
6794,23.56
6795,23.69
6796,24.0
6797,29.0
6798,39.15
6799,48.5
6800,42.2
6801,39.29
6802,40.24
6803,36.89
6804,35.08
6805,33.18
6806,33.94
6807,32.93
6808,35.38
6809,40.23
6810,43.52
6811,53.98
6812,43.98
6813,37.18
6814,30.53
6815,26.08
6816,25.49
6817,20.78
6818,18.7
6819,19.2
6820,20.76
6821,25.03
6822,35.77
6823,49.35
6824,38.6
6825,33.61
6826,33.62
6827,31.98
6828,33.12
6829,34.11
6830,35.46
6831,36.37
6832,38.26
6833,41.75
6834,44.65
6835,48.72
6836,39.12
6837,31.19
6838,27.07
6839,21.9
6840,21.43
6841,14.16
6842,12.99
6843,13.02
6844,13.75
6845,16.1
6846,20.13
6847,30.24
6848,26.8
6849,26.89
6850,28.36
6851,28.57
6852,29.43
6853,30.37
6854,31.31
6855,30.99
6856,34.22
6857,35.76
6858,40.26
6859,40.93
6860,30.75
6861,27.32
6862,23.98
6863,20.97
6864,19.26
6865,17.36
6866,14.95
6867,14.62
6868,13.82
6869,15.94
6870,17.7
6871,22.3
6872,22.64
6873,23.87
6874,24.53
6875,24.26
6876,24.72
6877,24.51
6878,23.37
6879,21.35
6880,23.89
6881,26.35
6882,30.45
6883,36.69
6884,29.78
6885,26.29
6886,23.52
6887,23.18
6888,22.9
6889,21.38
6890,20.04
6891,19.67
6892,19.27
6893,19.63
6894,20.62
6895,23.69
6896,23.22
6897,24.57
6898,25.42
6899,24.06
6900,23.56
6901,23.11
6902,22.89
6903,22.2
6904,23.78
6905,26.29
6906,35.03
6907,46.58
6908,31.74
6909,25.57
6910,21.87
6911,20.46
6912,20.13
6913,17.56
6914,17.29
6915,17.98
6916,18.24
6917,21.8
6918,28.61
6919,38.53
6920,37.08
6921,36.23
6922,38.67
6923,35.92
6924,33.22
6925,31.88
6926,30.87
6927,30.75
6928,31.44
6929,36.34
6930,48.21
6931,61.91
6932,45.31
6933,38.88
6934,33.59
6935,29.97
6936,27.64
6937,27.21
6938,27.55
6939,26.96
6940,28.8
6941,33.27
6942,45.0
6943,60.11
6944,48.25
6945,40.24
6946,38.07
6947,35.43
6948,34.02
6949,31.71
6950,30.47
6951,29.49
6952,29.47
6953,33.95
6954,40.65
6955,45.09
6956,33.23
6957,30.02
6958,28.61
6959,21.07
6960,18.29
6961,15.95
6962,15.36
6963,14.77
6964,15.56
6965,18.62
6966,26.95
6967,36.77
6968,34.93
6969,28.42
6970,28.88
6971,27.49
6972,26.42
6973,25.51
6974,24.82
6975,24.16
6976,25.88
6977,28.07
6978,35.55
6979,39.24
6980,30.83
6981,25.75
6982,23.65
6983,20.63
6984,19.0
6985,19.68
6986,18.37
6987,18.01
6988,18.22
6989,21.54
6990,30.09
6991,32.59
6992,35.08
6993,29.08
6994,30.64
6995,30.35
6996,29.02
6997,27.82
6998,27.72
6999,27.07
7000,27.7
7001,30.73
7002,45.93
7003,52.48
7004,36.0
7005,29.28
7006,26.32
7007,23.14
7008,23.09
7009,22.55
7010,22.55
7011,22.01
7012,21.88
7013,23.77
7014,30.83
7015,32.46
7016,41.61
7017,36.16
7018,37.01
7019,32.82
7020,30.53
7021,28.87
7022,29.22
7023,27.79
7024,28.4
7025,32.37
7026,40.03
7027,40.18
7028,31.46
7029,27.22
7030,24.14
7031,20.44
7032,17.48
7033,19.21
7034,18.63
7035,17.11
7036,16.45
7037,16.69
7038,18.06
7039,22.06
7040,23.08
7041,22.19
7042,22.89
7043,20.9
7044,19.18
7045,19.32
7046,19.27
7047,18.48
7048,20.98
7049,23.67
7050,31.32
7051,41.16
7052,30.93
7053,27.41
7054,25.1
7055,22.87
7056,22.76
7057,23.39
7058,22.11
7059,21.87
7060,22.32
7061,23.07
7062,24.72
7063,27.35
7064,35.58
7065,28.16
7066,30.05
7067,29.54
7068,27.87
7069,27.39
7070,28.0
7071,27.88
7072,29.53
7073,33.78
7074,43.55
7075,47.15
7076,30.79
7077,27.46
7078,25.5
7079,23.72
7080,20.37
7081,19.27
7082,16.87
7083,15.92
7084,17.49
7085,20.14
7086,28.67
7087,36.45
7088,40.25
7089,26.17
7090,27.07
7091,28.41
7092,29.84
7093,28.99
7094,29.83
7095,29.72
7096,31.45
7097,36.8
7098,50.59
7099,43.0
7100,30.57
7101,25.02
7102,22.91
7103,19.54
7104,15.99
7105,16.06
7106,14.07
7107,12.58
7108,13.52
7109,14.84
7110,21.69
7111,28.26
7112,30.27
7113,24.72
7114,27.53
7115,27.87
7116,27.53
7117,28.69
7118,30.9
7119,32.94
7120,32.83
7121,34.97
7122,45.23
7123,39.95
7124,30.55
7125,28.12
7126,26.45
7127,23.4
7128,21.58
7129,20.35
7130,19.87
7131,19.1
7132,20.62
7133,21.83
7134,30.95
7135,31.72
7136,35.05
7137,28.41
7138,29.33
7139,30.15
7140,28.61
7141,28.14
7142,29.8
7143,34.14
7144,36.29
7145,40.19
7146,47.47
7147,39.05
7148,31.86
7149,26.2
7150,24.56
7151,22.16
7152,19.38
7153,20.38
7154,19.14
7155,17.63
7156,18.27
7157,20.38
7158,25.76
7159,27.34
7160,31.27
7161,26.72
7162,28.78
7163,28.26
7164,29.35
7165,30.89
7166,33.02
7167,32.75
7168,33.8
7169,36.54
7170,38.83
7171,34.23
7172,31.13
7173,29.18
7174,25.35
7175,24.18
7176,21.49
7177,19.58
7178,18.72
7179,16.35
7180,16.19
7181,17.97
7182,22.78
7183,26.15
7184,27.44
7185,26.0
7186,27.24
7187,27.63
7188,28.26
7189,28.84
7190,30.46
7191,31.42
7192,30.75
7193,33.93
7194,37.53
7195,39.25
7196,32.9
7197,28.35
7198,26.82
7199,24.76
7200,24.61
7201,24.01
7202,22.45
7203,23.12
7204,23.46
7205,22.37
7206,24.9
7207,29.74
7208,31.98
7209,30.18
7210,32.22
7211,32.64
7212,34.45
7213,32.11
7214,33.41
7215,33.91
7216,35.44
7217,39.21
7218,46.29
7219,45.79
7220,33.2
7221,32.2
7222,29.93
7223,27.59
7224,27.01
7225,27.04
7226,25.55
7227,24.91
7228,23.92
7229,25.85
7230,27.34
7231,29.42
7232,30.11
7233,30.32
7234,33.83
7235,34.36
7236,32.84
7237,32.49
7238,31.71
7239,30.65
7240,32.54
7241,41.53
7242,49.29
7243,50.28
7244,36.19
7245,31.95
7246,27.93
7247,24.11
7248,23.15
7249,21.44
7250,20.64
7251,20.3
7252,21.69
7253,27.02
7254,36.14
7255,46.24
7256,59.34
7257,50.83
7258,49.47
7259,43.73
7260,39.04
7261,32.67
7262,31.23
7263,28.32
7264,31.75
7265,42.69
7266,60.17
7267,60.5
7268,46.09
7269,38.96
7270,38.7
7271,33.12
7272,30.13
7273,25.24
7274,22.98
7275,22.79
7276,23.4
7277,25.38
7278,35.45
7279,42.53
7280,45.55
7281,34.49
7282,30.46
7283,28.02
7284,26.11
7285,24.23
7286,23.5
7287,23.62
7288,27.11
7289,35.09
7290,51.65
7291,64.97
7292,50.74
7293,44.39
7294,41.88
7295,34.84
7296,31.97
7297,35.57
7298,31.69
7299,29.78
7300,29.95
7301,32.58
7302,45.45
7303,62.28
7304,64.12
7305,54.94
7306,47.42
7307,40.91
7308,38.15
7309,35.6
7310,32.61
7311,31.05
7312,31.66
7313,39.54
7314,52.63
7315,59.98
7316,48.57
7317,40.73
7318,36.38
7319,32.45
7320,30.25
7321,30.86
7322,30.34
7323,30.22
7324,32.96
7325,33.86
7326,48.61
7327,76.02
7328,80.12
7329,50.86
7330,43.23
7331,37.59
7332,34.49
7333,32.4
7334,31.25
7335,29.46
7336,28.68
7337,35.52
7338,42.63
7339,38.62
7340,31.5
7341,28.94
7342,25.04
7343,23.72
7344,23.83
7345,19.68
7346,18.83
7347,18.6
7348,20.53
7349,21.95
7350,30.47
7351,36.04
7352,38.18
7353,32.12
7354,29.95
7355,27.96
7356,26.73
7357,25.91
7358,25.61
7359,24.21
7360,24.64
7361,30.02
7362,40.43
7363,37.34
7364,32.58
7365,29.3
7366,26.34
7367,30.45
7368,34.21
7369,28.71
7370,25.93
7371,26.61
7372,27.43
7373,28.84
7374,32.88
7375,37.0
7376,37.73
7377,37.37
7378,37.26
7379,36.94
7380,33.95
7381,31.0
7382,28.51
7383,28.45
7384,29.82
7385,33.93
7386,39.53
7387,39.2
7388,32.44
7389,30.12
7390,26.19
7391,25.98
7392,24.89
7393,27.7
7394,27.14
7395,26.86
7396,25.03
7397,25.46
7398,25.4
7399,25.03
7400,27.57
7401,27.93
7402,25.06
7403,24.18
7404,24.02
7405,22.76
7406,20.97
7407,19.41
7408,20.0
7409,23.01
7410,28.91
7411,32.24
7412,22.75
7413,17.92
7414,15.12
7415,14.79
7416,12.56
7417,10.88
7418,11.08
7419,10.81
7420,11.2
7421,13.39
7422,19.59
7423,25.15
7424,30.06
7425,27.82
7426,28.96
7427,28.47
7428,28.63
7429,28.99
7430,28.28
7431,28.79
7432,29.78
7433,33.53
7434,45.61
7435,51.64
7436,40.33
7437,34.96
7438,31.47
7439,31.94
7440,30.88
7441,25.09
7442,22.98
7443,22.09
7444,21.7
7445,22.1
7446,23.92
7447,30.93
7448,39.6
7449,31.22
7450,30.75
7451,33.12
7452,32.79
7453,32.65
7454,29.88
7455,30.54
7456,31.21
7457,33.35
7458,38.9
7459,36.2
7460,30.67
7461,25.76
7462,24.28
7463,23.57
7464,22.51
7465,20.48
7466,18.56
7467,19.11
7468,19.68
7469,20.34
7470,23.93
7471,31.12
7472,37.0
7473,32.91
7474,32.49
7475,32.34
7476,32.16
7477,27.72
7478,25.96
7479,27.99
7480,28.44
7481,31.01
7482,39.44
7483,36.98
7484,30.29
7485,27.03
7486,23.23
7487,20.97
7488,18.31
7489,17.7
7490,16.02
7491,14.63
7492,14.73
7493,16.02
7494,19.1
7495,26.44
7496,29.66
7497,27.53
7498,26.74
7499,26.37
7500,24.48
7501,24.71
7502,24.13
7503,22.97
7504,23.29
7505,26.89
7506,34.08
7507,33.93
7508,31.31
7509,28.26
7510,26.7
7511,25.07
7512,23.28
7513,21.19
7514,21.9
7515,22.37
7516,23.17
7517,25.13
7518,30.07
7519,35.44
7520,38.32
7521,37.11
7522,37.62
7523,37.41
7524,36.78
7525,32.66
7526,30.46
7527,30.07
7528,30.42
7529,38.23
7530,49.01
7531,48.37
7532,38.52
7533,37.3
7534,34.9
7535,33.95
7536,30.86
7537,33.96
7538,27.44
7539,25.75
7540,25.79
7541,27.24
7542,31.89
7543,39.43
7544,46.38
7545,45.1
7546,44.71
7547,37.5
7548,35.93
7549,33.62
7550,31.86
7551,31.4
7552,32.18
7553,37.55
7554,46.14
7555,49.03
7556,47.34
7557,42.0
7558,39.5
7559,32.98
7560,29.57
7561,24.84
7562,22.6
7563,21.48
7564,21.47
7565,21.67
7566,22.13
7567,26.63
7568,28.91
7569,26.3
7570,25.64
7571,24.15
7572,22.53
7573,22.97
7574,22.6
7575,21.21
7576,21.57
7577,29.1
7578,34.16
7579,33.06
7580,30.18
7581,25.8
7582,24.22
7583,22.56
7584,21.15
7585,19.75
7586,18.82
7587,18.34
7588,19.79
7589,21.68
7590,29.53
7591,35.37
7592,45.75
7593,41.93
7594,41.99
7595,39.96
7596,37.16
7597,33.78
7598,28.07
7599,27.17
7600,26.37
7601,30.7
7602,39.54
7603,36.19
7604,33.18
7605,32.29
7606,30.1
7607,29.2
7608,27.44
7609,31.78
7610,29.21
7611,29.37
7612,31.08
7613,33.52
7614,40.07
7615,51.8
7616,48.88
7617,42.29
7618,36.26
7619,33.79
7620,32.4
7621,31.24
7622,27.78
7623,27.86
7624,28.03
7625,29.29
7626,38.32
7627,35.49
7628,29.59
7629,25.39
7630,22.77
7631,21.75
7632,19.93
7633,18.06
7634,17.82
7635,17.0
7636,18.37
7637,20.67
7638,24.12
7639,32.29
7640,39.96
7641,32.48
7642,31.0
7643,32.75
7644,30.07
7645,28.56
7646,26.96
7647,27.44
7648,28.75
7649,32.81
7650,37.59
7651,35.29
7652,34.99
7653,36.54
7654,32.51
7655,32.85
7656,31.89
7657,32.73
7658,33.44
7659,32.21
7660,31.05
7661,29.55
7662,34.74
7663,47.75
7664,53.78
7665,39.67
7666,34.09
7667,32.73
7668,29.82
7669,26.94
7670,25.0
7671,23.53
7672,24.44
7673,28.21
7674,30.05
7675,29.36
7676,25.22
7677,22.99
7678,19.85
7679,18.19
7680,14.8
7681,15.19
7682,13.2
7683,13.13
7684,14.85
7685,16.81
7686,21.5
7687,27.28
7688,32.38
7689,32.11
7690,31.05
7691,32.44
7692,32.56
7693,30.62
7694,29.25
7695,28.07
7696,28.16
7697,31.75
7698,40.74
7699,36.82
7700,31.59
7701,29.17
7702,27.47
7703,26.93
7704,26.78
7705,28.9
7706,27.23
7707,25.33
7708,23.55
7709,23.54
7710,26.56
7711,31.44
7712,32.71
7713,34.59
7714,30.63
7715,31.48
7716,30.96
7717,28.27
7718,25.82
7719,24.2
7720,25.52
7721,32.79
7722,41.49
7723,39.17
7724,33.33
7725,32.86
7726,30.39
7727,29.82
7728,28.81
7729,26.14
7730,25.41
7731,26.11
7732,23.95
7733,23.42
7734,23.03
7735,26.13
7736,26.23
7737,25.68
7738,22.88
7739,25.93
7740,25.29
7741,23.85
7742,23.24
7743,22.55
7744,23.1
7745,26.32
7746,33.77
7747,34.58
7748,30.4
7749,26.82
7750,25.65
7751,22.38
7752,20.55
7753,19.03
7754,18.0
7755,17.99
7756,18.74
7757,19.23
7758,22.94
7759,29.56
7760,34.82
7761,31.95
7762,30.11
7763,31.8
7764,30.75
7765,30.2
7766,29.25
7767,30.31
7768,29.43
7769,30.51
7770,38.54
7771,36.21
7772,33.4
7773,32.36
7774,28.25
7775,28.2
7776,24.86
7777,22.35
7778,19.85
7779,17.93
7780,18.91
7781,18.24
7782,20.33
7783,29.76
7784,34.55
7785,33.39
7786,30.64
7787,30.8
7788,29.76
7789,27.44
7790,26.25
7791,25.82
7792,23.6
7793,28.52
7794,32.24
7795,30.39
7796,28.47
7797,29.07
7798,27.05
7799,25.38
7800,25.39
7801,22.49
7802,21.37
7803,20.95
7804,20.78
7805,21.13
7806,24.99
7807,30.83
7808,38.06
7809,34.55
7810,31.58
7811,30.45
7812,28.72
7813,29.15
7814,26.76
7815,25.38
7816,26.32
7817,28.91
7818,36.43
7819,33.73
7820,29.0
7821,26.03
7822,25.48
7823,23.46
7824,21.95
7825,19.45
7826,17.76
7827,16.8
7828,15.36
7829,17.16
7830,17.49
7831,20.53
7832,22.41
7833,24.29
7834,25.34
7835,25.93
7836,26.79
7837,23.04
7838,22.12
7839,20.43
7840,19.96
7841,21.59
7842,23.86
7843,25.14
7844,23.01
7845,22.66
7846,22.1
7847,22.36
7848,21.33
7849,20.9
7850,20.65
7851,20.25
7852,20.57
7853,21.65
7854,22.84
7855,26.65
7856,26.12
7857,27.28
7858,28.02
7859,29.23
7860,29.18
7861,28.68
7862,26.13
7863,26.12
7864,26.86
7865,33.35
7866,41.62
7867,40.81
7868,37.69
7869,35.94
7870,35.41
7871,36.05
7872,32.21
7873,30.22
7874,28.86
7875,28.79
7876,27.1
7877,26.33
7878,26.54
7879,29.86
7880,32.6
7881,36.52
7882,36.53
7883,34.85
7884,32.09
7885,29.79
7886,25.0
7887,24.78
7888,26.05
7889,32.0
7890,42.0
7891,39.87
7892,35.06
7893,30.0
7894,28.43
7895,27.71
7896,23.14
7897,23.9
7898,24.11
7899,23.2
7900,21.99
7901,21.46
7902,23.36
7903,23.91
7904,23.59
7905,25.26
7906,25.42
7907,25.96
7908,24.39
7909,23.78
7910,23.31
7911,22.72
7912,22.44
7913,24.76
7914,31.58
7915,29.56
7916,26.47
7917,24.74
7918,22.73
7919,21.12
7920,19.89
7921,19.71
7922,18.45
7923,17.99
7924,18.94
7925,20.83
7926,22.19
7927,32.34
7928,41.92
7929,36.34
7930,32.17
7931,27.55
7932,25.1
7933,23.71
7934,23.15
7935,22.58
7936,22.42
7937,30.21
7938,37.9
7939,38.8
7940,36.66
7941,36.24
7942,33.6
7943,31.53
7944,30.21
7945,29.23
7946,29.89
7947,30.02
7948,29.58
7949,30.05
7950,34.11
7951,42.55
7952,59.01
7953,46.29
7954,38.55
7955,36.57
7956,32.31
7957,30.68
7958,28.8
7959,28.41
7960,29.0
7961,37.29
7962,42.14
7963,43.81
7964,39.83
7965,38.38
7966,32.83
7967,28.24
7968,25.24
7969,22.93
7970,21.92
7971,20.92
7972,20.76
7973,22.25
7974,26.04
7975,35.72
7976,48.67
7977,42.16
7978,37.23
7979,37.33
7980,35.78
7981,35.76
7982,31.6
7983,29.88
7984,28.29
7985,31.66
7986,39.81
7987,35.79
7988,32.32
7989,28.64
7990,25.84
7991,24.9
7992,24.25
7993,18.44
7994,17.04
7995,15.81
7996,16.11
7997,15.82
7998,18.26
7999,26.14
8000,28.67
8001,28.64
8002,26.66
8003,27.67
8004,26.86
8005,26.1
8006,25.33
8007,25.19
8008,25.8
8009,29.92
8010,40.22
8011,38.03
8012,33.86
8013,31.55
8014,32.23
8015,29.2
8016,29.15
8017,22.48
8018,20.18
8019,21.11
8020,19.57
8021,21.0
8022,22.98
8023,25.43
8024,33.5
8025,33.0
8026,34.79
8027,40.77
8028,39.9
8029,37.71
8030,37.83
8031,37.86
8032,34.16
8033,39.93
8034,44.31
8035,39.86
8036,37.95
8037,37.72
8038,34.39
8039,32.6
8040,30.86
8041,27.98
8042,26.02
8043,25.08
8044,24.4
8045,24.08
8046,24.74
8047,24.98
8048,26.36
8049,27.26
8050,27.99
8051,31.64
8052,30.94
8053,28.25
8054,27.51
8055,26.15
8056,26.6
8057,31.18
8058,36.15
8059,32.49
8060,30.51
8061,27.95
8062,24.76
8063,23.4
8064,24.39
8065,23.94
8066,23.23
8067,22.98
8068,23.56
8069,23.58
8070,23.8
8071,24.67
8072,26.3
8073,26.7
8074,26.14
8075,27.85
8076,26.99
8077,24.91
8078,24.43
8079,24.11
8080,24.91
8081,31.38
8082,40.6
8083,36.85
8084,34.22
8085,31.23
8086,31.34
8087,26.28
8088,25.96
8089,26.95
8090,24.84
8091,24.89
8092,24.5
8093,25.03
8094,26.33
8095,36.4
8096,49.02
8097,40.92
8098,37.84
8099,37.65
8100,35.34
8101,30.42
8102,28.57
8103,28.23
8104,28.0
8105,35.94
8106,44.56
8107,44.67
8108,40.82
8109,37.6
8110,31.98
8111,26.18
8112,25.36
8113,25.72
8114,23.27
8115,22.37
8116,21.61
8117,21.03
8118,23.62
8119,28.05
8120,46.02
8121,41.48
8122,33.58
8123,32.82
8124,29.72
8125,28.68
8126,28.46
8127,28.01
8128,29.42
8129,38.92
8130,46.31
8131,44.19
8132,37.25
8133,36.26
8134,34.04
8135,33.14
8136,32.18
8137,28.05
8138,24.43
8139,24.66
8140,24.18
8141,25.42
8142,27.07
8143,33.67
8144,51.01
8145,38.26
8146,34.94
8147,34.12
8148,32.79
8149,30.38
8150,28.29
8151,26.89
8152,26.1
8153,29.91
8154,35.3
8155,29.81
8156,25.39
8157,23.97
8158,20.29
8159,19.86
8160,20.27
8161,19.33
8162,19.36
8163,20.46
8164,20.29
8165,21.1
8166,22.12
8167,25.86
8168,41.47
8169,31.34
8170,25.18
8171,22.86
8172,23.25
8173,23.41
8174,21.55
8175,22.26
8176,22.07
8177,24.2
8178,28.52
8179,24.65
8180,22.18
8181,19.76
8182,18.08
8183,18.73
8184,16.72
8185,15.37
8186,14.43
8187,13.23
8188,13.42
8189,12.99
8190,14.28
8191,17.36
8192,22.74
8193,22.08
8194,20.5
8195,21.72
8196,22.73
8197,22.08
8198,22.5
8199,22.35
8200,22.59
8201,26.52
8202,30.25
8203,27.61
8204,25.19
8205,22.63
8206,22.01
8207,20.3
8208,21.08
8209,19.15
8210,16.95
8211,15.37
8212,13.71
8213,13.5
8214,13.71
8215,14.68
8216,18.02
8217,19.11
8218,19.32
8219,20.33
8220,20.21
8221,19.42
8222,18.92
8223,18.75
8224,18.98
8225,20.81
8226,24.82
8227,24.87
8228,22.48
8229,20.27
8230,19.57
8231,19.23
8232,18.39
8233,13.53
8234,13.55
8235,14.33
8236,14.35
8237,15.95
8238,18.92
8239,20.15
8240,22.58
8241,24.44
8242,25.83
8243,27.02
8244,27.25
8245,27.29
8246,26.9
8247,27.14
8248,27.55
8249,33.62
8250,45.39
8251,46.87
8252,38.75
8253,36.04
8254,35.26
8255,33.91
8256,32.64
8257,28.64
8258,25.85
8259,25.48
8260,27.15
8261,27.33
8262,29.56
8263,39.23
8264,56.51
8265,45.27
8266,37.64
8267,35.82
8268,35.2
8269,30.0
8270,26.03
8271,25.35
8272,25.61
8273,29.41
8274,38.52
8275,34.79
8276,31.92
8277,29.4
8278,25.7
8279,22.49
8280,20.45
8281,17.94
8282,18.12
8283,18.33
8284,18.13
8285,18.67
8286,19.44
8287,27.74
8288,37.49
8289,32.58
8290,29.62
8291,28.46
8292,27.41
8293,26.12
8294,25.13
8295,25.17
8296,25.62
8297,34.83
8298,50.12
8299,42.43
8300,36.98
8301,34.83
8302,34.06
8303,33.0
8304,30.54
8305,28.53
8306,25.23
8307,25.26
8308,24.21
8309,25.12
8310,27.67
8311,34.76
8312,52.34
8313,41.76
8314,34.71
8315,34.04
8316,34.48
8317,32.68
8318,29.46
8319,28.73
8320,28.43
8321,35.59
8322,39.38
8323,35.53
8324,35.38
8325,36.94
8326,34.98
8327,30.61
8328,29.26
8329,25.55
8330,24.02
8331,24.47
8332,23.84
8333,25.72
8334,25.28
8335,32.6
8336,42.82
8337,32.47
8338,28.03
8339,26.53
8340,25.5
8341,24.5
8342,23.23
8343,22.47
8344,22.5
8345,26.54
8346,30.8
8347,28.58
8348,27.92
8349,25.92
8350,23.49
8351,20.92
8352,19.84
8353,19.62
8354,18.05
8355,17.84
8356,17.92
8357,18.66
8358,20.19
8359,26.54
8360,32.28
8361,27.38
8362,24.68
8363,24.23
8364,24.77
8365,25.12
8366,24.18
8367,25.02
8368,25.99
8369,29.21
8370,33.38
8371,31.5
8372,27.54
8373,25.68
8374,25.67
8375,24.74
8376,24.95
8377,24.36
8378,22.03
8379,21.75
8380,21.12
8381,21.06
8382,21.5
8383,22.34
8384,25.02
8385,24.42
8386,25.27
8387,26.27
8388,24.46
8389,23.67
8390,22.39
8391,20.57
8392,21.09
8393,23.84
8394,25.97
8395,25.48
8396,24.54
8397,23.7
8398,23.59
8399,22.63
8400,20.72
8401,20.49
8402,19.98
8403,19.12
8404,19.07
8405,18.7
8406,19.62
8407,20.38
8408,22.32
8409,22.23
8410,22.78
8411,23.26
8412,23.19
8413,21.95
8414,21.37
8415,20.81
8416,21.04
8417,23.28
8418,26.98
8419,27.92
8420,25.65
8421,24.5
8422,22.35
8423,20.95
8424,18.88
8425,15.39
8426,14.29
8427,13.92
8428,13.33
8429,13.98
8430,15.98
8431,20.9
8432,25.21
8433,23.52
8434,22.43
8435,21.52
8436,21.7
8437,21.18
8438,20.92
8439,22.18
8440,22.82
8441,29.29
8442,41.5
8443,38.86
8444,34.84
8445,33.9
8446,31.88
8447,26.98
8448,23.81
8449,28.52
8450,26.35
8451,26.36
8452,26.41
8453,27.9
8454,33.15
8455,43.52
8456,56.0
8457,45.47
8458,40.72
8459,35.6
8460,31.18
8461,29.84
8462,27.18
8463,25.36
8464,25.77
8465,31.86
8466,40.99
8467,36.89
8468,36.4
8469,32.38
8470,32.5
8471,27.42
8472,26.37
8473,26.35
8474,25.45
8475,25.6
8476,24.72
8477,26.83
8478,28.05
8479,38.78
8480,51.91
8481,40.62
8482,33.1
8483,31.92
8484,30.88
8485,30.1
8486,28.56
8487,26.88
8488,26.57
8489,30.47
8490,33.47
8491,33.03
8492,30.17
8493,28.78
8494,27.45
8495,24.14
8496,24.34
8497,24.72
8498,23.42
8499,23.12
8500,22.93
8501,23.33
8502,24.53
8503,30.21
8504,37.16
8505,31.94
8506,27.44
8507,27.02
8508,27.52
8509,26.95
8510,27.38
8511,25.4
8512,26.28
8513,30.25
8514,36.54
8515,32.93
8516,27.74
8517,27.76
8518,25.7
8519,22.98
8520,23.86
8521,23.34
8522,22.61
8523,21.88
8524,21.94
8525,22.41
8526,23.62
8527,30.96
8528,34.98
8529,35.16
8530,31.87
8531,32.37
8532,32.27
8533,31.58
8534,29.56
8535,29.64
8536,28.58
8537,32.37
8538,35.41
8539,33.57
8540,30.72
8541,27.12
8542,26.0
8543,25.42
8544,23.26
8545,23.01
8546,21.95
8547,21.4
8548,20.37
8549,20.31
8550,20.2
8551,21.22
8552,22.19
8553,23.52
8554,23.08
8555,22.89
8556,22.25
8557,21.31
8558,20.74
8559,20.21
8560,19.7
8561,22.13
8562,24.97
8563,25.42
8564,24.78
8565,22.86
8566,20.99
8567,19.76
8568,17.64
8569,20.52
8570,18.81
8571,18.12
8572,16.75
8573,16.29
8574,16.92
8575,17.66
8576,19.87
8577,19.16
8578,19.08
8579,19.96
8580,19.76
8581,18.83
8582,18.47
8583,17.48
8584,17.88
8585,20.73
8586,22.81
8587,22.75
8588,21.19
8589,19.78
8590,18.11
8591,16.26
8592,14.56
8593,15.07
8594,13.22
8595,12.12
8596,12.17
8597,11.23
8598,12.52
8599,14.13
8600,15.33
8601,16.97
8602,17.24
8603,18.1
8604,17.5
8605,16.64
8606,15.95
8607,15.91
8608,16.04
8609,19.24
8610,21.65
8611,22.31
8612,21.47
8613,20.65
8614,19.1
8615,17.57
8616,16.57
8617,15.16
8618,15.46
8619,14.79
8620,14.78
8621,15.13
8622,16.37
8623,20.23
8624,23.06
8625,24.66
8626,23.57
8627,23.58
8628,22.43
8629,23.78
8630,23.65
8631,24.24
8632,24.19
8633,28.95
8634,37.39
8635,34.39
8636,31.38
8637,29.61
8638,28.77
8639,28.23
8640,26.68
8641,23.52
8642,22.08
8643,21.39
8644,20.84
8645,20.85
8646,21.47
8647,25.51
8648,29.21
8649,30.36
8650,27.55
8651,28.84
8652,28.1
8653,27.56
8654,25.57
8655,24.47
8656,23.68
8657,27.04
8658,32.39
8659,30.9
8660,28.26
8661,26.88
8662,27.12
8663,25.02
8664,23.82
8665,22.44
8666,21.44
8667,20.97
8668,20.7
8669,20.57
8670,21.72
8671,24.53
8672,29.03
8673,29.55
8674,27.6
8675,27.8
8676,26.51
8677,25.43
8678,24.53
8679,23.85
8680,23.36
8681,24.43
8682,28.37
8683,29.17
8684,28.0
8685,25.74
8686,24.73
8687,23.57
8688,22.37
8689,21.01
8690,20.41
8691,20.5
8692,20.15
8693,20.83
8694,21.89
8695,24.54
8696,27.62
8697,30.04
8698,27.37
8699,27.33
8700,28.23
8701,27.53
8702,26.45
8703,24.39
8704,23.95
8705,24.91
8706,28.13
8707,27.34
8708,25.75
8709,25.16
8710,24.6
8711,22.89
8712,22.81
8713,22.81
8714,22.27
8715,20.73
8716,20.12
8717,19.79
8718,19.94
8719,21.89
8720,22.36
8721,25.23
8722,24.42
8723,24.14
8724,22.73
8725,21.34
8726,19.67
8727,18.9
8728,18.97
8729,20.62
8730,23.06
8731,24.47
8732,22.26
8733,21.81
8734,21.35
8735,20.93
8736,19.44
8737,21.2
8738,19.6
8739,18.9
8740,17.37
8741,18.54
8742,18.78
8743,19.88
8744,21.09
8745,22.21
8746,22.41
8747,22.02
8748,21.86
8749,21.6
8750,20.83
8751,20.57
8752,21.48
8753,23.29
8754,27.47
8755,27.38
8756,25.71
8757,24.14
8758,24.61
8759,24.76
8760,24.61
